id,name,host_id,host_name,neighbourhood,latitude,longitude,room_type,price,minimum_nights,number_of_reviews,availability_365
2992450,Luxury 2 bedroom apartment,4621559,Kenneth,THIRD WARD,42.65789,-73.7537,Entire home/apt,70.0,28,9,32
3820211,Restored Precinct in Center Sq. w/Parking,19648678,Terra,SIXTH WARD,42.65222,-73.76724,Entire home/apt,102.0,2,308,334
5651579,Large studio apt  by Capital Center & ESP@,29288920,Gregg,SECOND WARD,42.64615,-73.75966,Entire home/apt,75.0,2,371,6
6623339,Center Sq. Loft in Converted Precinct w/ Parking,19648678,Terra,SIXTH WARD,42.65222,-73.76724,Entire home/apt,96.0,2,331,305
9005989,"Studio in The heart of Center SQ, in Albany NY",17766924,Sugey,SIXTH WARD,42.65559,-73.76506,Entire home/apt,88.0,1,617,167
9501054,Spacious suite with full bath by Capital  Center,29288920,Gregg,SECOND WARD,42.64734,-73.75851,Private room,52.0,1,415,52
10768745,Alb hospital area studio bath wifi. (Red),5691268,Elizabeth,FOURTEENTH WARD,42.66078,-73.80553,Private room,47.0,1,782,144
11253948,/Fire Place Bungalow\ 1917 SUNY Eagle 6Beds 2Baths,4259750,Peter,FIFTEENTH WARD,42.67567,-73.82438,Entire home/apt,213.0,1,185,327
11639446,$55twin($30 foreign student)FreeBF Noa/c no smoke,61700428,Abdullah,ELEVENTH WARD,42.67583,-73.78297,Private room,55.0,15,231,365
12284708,"Well Lit Modern Room, Perfect Location Albany",36438637,Chad,TENTH WARD,42.65912,-73.78349,Private room,41.0,18,61,243
12799126,Private Room in the Hearth of the Albany,69729286,Musab,SIXTH WARD,42.65154,-73.76867,Private room,47.0,5,28,273
13083497,Pristine Cape Cod on the Creek - 4 Large Bedrooms,1364123,Akhilesh,FIFTEENTH WARD,42.66972,-73.82753,Entire home/apt,219.0,2,188,311
14316232,"Unique Modern Room, Perfect Location Albany",36438637,Chad,TENTH WARD,42.65726,-73.78219,Private room,45.0,18,53,365
14989805,/Miller Colonial\ 1946 SUNY Eagle Hill 5Bed 2Baths,4259750,Peter,FIFTEENTH WARD,42.673512,-73.819679,Entire home/apt,192.0,1,113,333
15580397,Women only Alb Medical/Dtwn Albany/Colleges ROOM H,89705052,Share,NINTH WARD,42.65651,-73.77887,Private room,53.0,2,48,92
16531782,On a little park in Albany pine hills. (Blue),5691268,Elizabeth,FOURTEENTH WARD,42.66075,-73.80605,Private room,60.0,1,484,316
17514620,Cozy Modern Room Perfect Location Albany,36438637,Chad,TENTH WARD,42.6584,-73.78309,Private room,41.0,18,56,361
18341426,/Sauna Ranch 1961\ SUNY Eagle Hill 4Beds 1Bath,4259750,Peter,FIFTEENTH WARD,42.67637,-73.82395,Entire home/apt,376.0,1,58,365
19527043,Charming 1 Bedroom in a Historic Residential Home,15223767,Ed,NINTH WARD,42.65312,-73.78161,Private room,70.0,1,82,224
19571496,Modern Studio Perfect Location Albany,36438637,Chad,TENTH WARD,42.6585,-73.78414,Private room,45.0,18,30,267
20519885,5Bedroom In Albany 8Year SuperHost,67171774,Michael And Flerida,FOURTEENTH WARD,42.65846,-73.80201,Entire home/apt,290.0,3,110,335
20620135,/Red Warhol Ranch\ 1959 SUNY Eagle Hill 4beds1Bath,4259750,Peter,FIFTEENTH WARD,42.675,-73.82382,Entire home/apt,148.0,1,74,357
20633175,"Garden Apartment, on the Park, close to Capital.",65414985,James,SEVENTH WARD,42.64939,-73.76865,Entire home/apt,116.0,2,131,328
20671966,The Metropolitan,98744672,Bela,NINTH WARD,42.65532,-73.78244,Entire home/apt,68.0,2,47,229
21052414,Cozy bedroom with (2) walk-in closets,135717458,Chad,THIRTEENTH WARD,42.66565,-73.77975,Private room,36.0,18,45,312
21392315,The Blair Suite,98744672,Bela,NINTH WARD,42.65372,-73.78244,Entire home/apt,60.0,2,127,229
21449583,/zBig Blue Ranch\ 1962 SUNY Eagle Hill 4Beds 2Bath,4259750,Peter,FIFTEENTH WARD,42.67547,-73.82402,Entire home/apt,582.0,4,8,365
21752534,"NEW LISTING! Modern, completely updated, LOCATION!",152762198,Allen,TENTH WARD,42.66045,-73.77833,Entire home/apt,70.0,3,180,349
21769213,Cozy downstairs bedroom in quiet neighborhood!,135717458,Chad,ELEVENTH WARD,42.66572,-73.77834,Private room,32.0,18,32,271
21769439,Cozy upstairs room with (1) walk-in closet,135717458,Chad,ELEVENTH WARD,42.66703,-73.77842,Private room,35.0,18,26,348
22398196,Elegant Guest Suite in our beautiful Victorian!,98744672,Bela,NINTH WARD,42.65501,-73.78122,Private room,54.0,2,121,307
24120690,One Bedroom apartment with private entrance,156446839,Domini,FOURTEENTH WARD,42.65975,-73.81196,Private room,68.0,2,122,44
24606880,The Western Suite,98744672,Bela,NINTH WARD,42.65431,-73.78178,Private room,54.0,2,49,315
25549565,Quiet and Pretty in the Heart of Center Square,9666970,Janet,SIXTH WARD,42.65345,-73.7645,Entire home/apt,73.0,1,916,123
25976514,City Feel - Green Room,31757246,Leiba,SIXTH WARD,42.65333,-73.77293,Private room,93.0,3,14,359
26139592,Garden Apartment in Ctr. Square: Monthly Discounts,6833937,Farah,SIXTH WARD,42.65403,-73.76325,Entire home/apt,81.0,2,137,327
27670660,The Rock & Roll Suite,98744672,Bela,NINTH WARD,42.6543083190918,-73.78177642822266,Private room,54.0,2,26,310
27692601,Albany Cozy home with fireplaces and Sunroom,202580880,Rosanne,EIGHTH WARD,42.64514,-73.80668,Entire home/apt,250.0,3,14,176
28341274,Private room in historic building on the park,54394342,Alice,SIXTH WARD,42.65821,-73.76917,Private room,75.0,1,92,353
28400263,Private Room in Historic Residential Home,15223767,Ed,NINTH WARD,42.65464,-73.78348,Private room,50.0,1,269,59
28722270,‚úçHistoric Loft Suite @ Downtown Albany,44434571,Earl,SECOND WARD,42.64535,-73.75365,Entire home/apt,69.0,1,687,340
28868857,‚≠êCozy Garden Suite Full Amenities @Downtown Albany,44434571,Earl,SECOND WARD,42.64535,-73.75365,Entire home/apt,56.0,1,617,334
28929840,"Spacious
private suite and private bath",194113768,Rachel,FOURTH WARD,42.6737,-73.75313,Private room,70.0,1,7,143
29605579,Funky Urban 1 Bedroom Apt w/ Parking in Center Sq,19648678,Terra,SIXTH WARD,42.65235,-73.76714,Entire home/apt,90.0,2,104,347
30189794,Seashore Suite At The Inn on South Lake,98744672,Bela,NINTH WARD,42.6533,-73.78114,Private room,59.0,2,68,306
31210362,Nest in Hazel,160340958,Jon,FIFTEENTH WARD,42.67519,-73.82281,Private room,47.0,2,31,365
32279028,"Cosy, comfy and quiet for one",172223381,Diana,EIGHTH WARD,42.64936,-73.80278,Private room,54.0,1,212,13
32450400,Moroccan Sands,97330032,Sherrell,FOURTH WARD,42.6761,-73.73825,Private room,104.0,3,1,179
33558235,"Historic, Spacious & Fun 2BR Apt @ Downtown Albany",44434571,Earl,SECOND WARD,42.64585,-73.75297,Entire home/apt,86.0,1,451,345
34330970,Muhammed Ali Lounge & Pool Hall ‚¨¢‚¨°,232967878,Diana,SECOND WARD,42.64335,-73.7579,Entire home/apt,124.0,1,314,62
35793179,Cozy Bedroom in Historic Residential Home,15223767,Ed,SEVENTH WARD,42.65259,-73.78223,Private room,50.0,1,193,226
35914565,The Poker Room ‚ô§ Downtown Albany,232967878,Diana,SECOND WARD,42.64506,-73.75727,Entire home/apt,114.0,1,306,66
36443605,Sophisticated Retreat: 2BR in heart of Albany,188679144,Elizabeth,THIRTEENTH WARD,42.66619,-73.79031,Entire home/apt,92.0,2,54,303
38321579,Comfy and quiet,172223381,Diana,EIGHTH WARD,42.65085,-73.80239,Private room,53.0,1,408,133
39093517,Center Square Safe 2 Bedroom Long  Stay w/ Parking,299638115,Flerida,SIXTH WARD,42.65507,-73.76138,Entire home/apt,121.0,2,41,355
39698576,Spacious Designer 1-Bed Near Albany Med,188679144,Elizabeth,NINTH WARD,42.65483,-73.78033,Entire home/apt,78.0,5,24,365
40491172,"Renovated, private parking,location, washer dryer!",152762198,Allen,THIRTEENTH WARD,42.66827,-73.79231,Entire home/apt,92.0,3,128,280
40828178,Comfortable! One Bedroom A/C Apartment Queen Bed,47491906,Lloyd,FOURTH WARD,42.67773,-73.73899,Entire home/apt,117.0,1,173,66
41319631,Modern Carriage in the Heart of Albany,59864591,Daniel,SIXTH WARD,42.65115,-73.7668,Entire home/apt,97.0,30,4,304
42009788,Center Square Sanctuary: Private 2-Bedroom Gem,188679144,Elizabeth,SIXTH WARD,42.65315,-73.76202,Entire home/apt,88.0,7,24,355
42092736,Private Bedroom in Cozy Ranch Home,41400541,John,FOURTEENTH WARD,42.66403,-73.81446,Private room,52.0,1,187,59
42567833,Homey,339085327,Arkady,NINTH WARD,42.65567,-73.7854,Entire home/apt,160.0,70,0,365
42763847,Charming dog friendly home with private yard!,649068,Anthony,FIRST WARD,42.63876,-73.78535,Entire home/apt,102.0,1,111,148
43208391,Classic & Homey 2BD/1BA Fl 2 Apt @ Downtown Albany,272907816,Angela,SECOND WARD,42.64453,-73.75426,Entire home/apt,91.0,2,107,80
43459803,Luxury 1 bedroom Apt in the heart of Center Square,299638115,Flerida,SIXTH WARD,42.65556,-73.76205,Entire home/apt,122.0,2,18,340
43955950,* Quaint home located in residential neighborhood*,232967878,Diana,EIGHTH WARD,42.64383,-73.78926,Entire home/apt,248.0,2,91,27
44180048,Historic Queen Studio Across from Washington Park!,355777684,Lloyd,SIXTH WARD,42.65935,-73.76805,Entire home/apt,99.0,1,367,298
44265426,Parkside Queen 1 Bedroom (1800's) Brownstone!,355777684,Lloyd,SIXTH WARD,42.66006,-73.76966,Entire home/apt,108.0,1,301,333
44450012,Spacious upscale luxury apartment with huge yard,353498132,Michael,EIGHTH WARD,42.64808,-73.7996,Entire home/apt,146.0,13,26,241
45024912,Private Apt Queen 1 Bed Sanctuary with many Extras,362851072,Elsa,FOURTEENTH WARD,42.66132,-73.7956,Entire home/apt,142.0,1,129,288
45074220,Secluded Studio Suite Fl 3 @ Downtown Albany,272907816,Angela,SECOND WARD,42.64454,-73.75369,Entire home/apt,70.0,1,35,70
45313545,Adorable & Trendy 1 Bd Apt Minutes to Albany Med!,165293595,Kori,NINTH WARD,42.6545,-73.78223,Entire home/apt,85.0,2,151,167
45528939,UNIQUE Gem in HEART of Albany ‚òÖ Spiral Staircase,47625981,Linda,SECOND WARD,42.64801,-73.75668,Entire home/apt,108.0,1,99,209
45529316,WOW ‚òÖ Bright Apt ‚òÖ PRIME downtown Walk Everywhere,47625981,Linda,SECOND WARD,42.64821,-73.75793,Entire home/apt,108.0,1,120,340
45529447,‚òÖ 2 BEDROOM / 1 BATH TRENDY Apt ‚òÖ Downtown Albany,47625981,Linda,SECOND WARD,42.64713,-73.75628,Entire home/apt,117.0,1,144,222
46894493,Our Antique Bungalow,69789449,Dan,NINTH WARD,42.65311,-73.78525,Entire home/apt,152.0,1,250,277
47334913,"Newly renovated,Amazing Location,private parking",152762198,Allen,THIRTEENTH WARD,42.66646,-73.79184,Entire home/apt,93.0,3,92,134
47345872,Bright large 1 bdr loft in Center Sq -free parking,19648678,Terra,SIXTH WARD,42.65345,-73.76663,Entire home/apt,96.0,1,62,341
47408047,"Quiet cozy apartment, private laundry, great spot!",152762198,Allen,FOURTEENTH WARD,42.67156,-73.80883,Entire home/apt,79.0,3,70,308
47440071,The Historic J. Buel Farmhouse - Luxury Suite Loft,382970529,Thomas,THIRTEENTH WARD,42.6692,-73.79849,Private room,92.0,1,167,54
47828453,Center Square Albany 2BR Apt w/Parking near all,299638115,Flerida,THIRD WARD,42.656,-73.76123,Entire home/apt,122.0,2,21,358
47902629,"Renovated 2br/2ba, close to Alb Med & St. Petes.",21886921,David,THIRTEENTH WARD,42.66744,-73.79216,Entire home/apt,112.0,14,8,325
47943571,Downtown Albany 1 Bed + Workstation @ Maiden Lane,385664127,Dillon,THIRD WARD,42.65118,-73.75274,Entire home/apt,92.0,2,166,249
48052353,*The Rustic Home* 3 Bedroom Second Floor Apartment,349460842,Scott,TENTH WARD,42.66261,-73.78332,Entire home/apt,170.0,1,164,353
48172884,The Down Under Suite,98744672,Bela,NINTH WARD,42.65399,-73.78126,Private room,41.0,2,76,306
48470454,"/ New Giant Victorian \ 7beds 6 baths + 2x 85"" TVs",4259750,Peter,THIRTEENTH WARD,42.66526412963867,-73.78692626953125,Entire home/apt,445.0,2,43,333
48599533,Capital View I,392074908,Jerry,SIXTH WARD,42.65429,-73.75986,Entire home/apt,93.0,2,100,173
50088935,Quiet 2-bedroom condo in the heart of Albany,172658781,Jessica,THIRTEENTH WARD,42.66972,-73.79544,Entire home/apt,95.0,60,4,294
50171851,Beautiful Center Square Garden-Level Unit,48490017,Todd,SIXTH WARD,42.65157,-73.76546,Entire home/apt,77.0,2,186,126
50207226,‚òÖ RARE 1BR Apt with Character GREAT Location! W/D‚òÖ,47625981,Linda,FOURTH WARD,42.65888,-73.74673,Entire home/apt,104.0,1,85,229
50211226,Cozy Studio By Washington Park | Walkable!,105597161,Katelyn,ELEVENTH WARD,42.66034,-73.77163,Entire home/apt,105.0,2,181,38
50354540,Heart of Center Square: Designer 2-Bed Retreat,188679144,Elizabeth,SIXTH WARD,42.65333,-73.76402,Entire home/apt,101.0,3,15,326
50639032,"Sunny Queen bed, Quiet w/Beautiful Garden",172539578,David Yisrael,FIFTEENTH WARD,42.67945,-73.81647,Private room,44.0,3,45,76
50890336,"‚òÖCHIC, Renovated Brownstone‚òÖ in PRIME DT Albany",47625981,Linda,FOURTH WARD,42.65901,-73.74748,Entire home/apt,108.0,1,45,211
51461480,üçÉChic & Cozy Near Washington Park Garden Suite,416799784,Rosie,TENTH WARD,42.65969,-73.77564,Entire home/apt,99.0,7,28,119
51503537,Walk to Everything Downtown Albany! Luxury Apt!,394420519,All Seasons,THIRD WARD,42.65061,-73.75006,Entire home/apt,100.0,4,9,180
51579900,‚òÖMODERN 1BR GREAT Location Downtown! W/D Parking!‚òÖ,47625981,Linda,FOURTH WARD,42.65856,-73.74866,Entire home/apt,99.0,1,75,231
51592836,Lovely 1 Bedroom Unit In Historic Brownstone!,60293220,David,THIRD WARD,42.65844,-73.74978,Entire home/apt,89.0,2,88,356
51710034,Empire Plaza View I,392074908,Jerry,SIXTH WARD,42.65269,-73.76076,Entire home/apt,86.0,2,41,358
51960331,"Tuscan Garden Apt at Caf√© Capriccio Albany, NY",418024477,Marlene,SECOND WARD,42.64684,-73.75614,Entire home/apt,100.0,1,111,166
51964868,Center Square,392074908,Jerry,SIXTH WARD,42.65442,-73.7611,Entire home/apt,90.0,2,52,357
52152157,"Modern space, everything you could want!",152762198,Allen,FIRST WARD,42.63066,-73.77357,Entire home/apt,100.0,3,67,131
52241973,Garden Apartment in Historic Center Square Home,35465673,Jason,SIXTH WARD,42.65641,-73.76413,Entire home/apt,75.0,1,307,66
52611613,* Adorable home w/parking near great restaurants *,232967878,Diana,NINTH WARD,42.65674,-73.79221,Entire home/apt,148.0,2,131,224
52619545,* Centrally located Eclectic vibe 2 bed w/parking,232967878,Diana,THIRTEENTH WARD,42.67102,-73.79454,Entire home/apt,106.0,2,87,61
52691284,+ Perfect place to make memories with loved ones +,232967878,Diana,TENTH WARD,42.66236,-73.79245,Entire home/apt,475.0,2,85,64
52836323,*Hidden gem w/in walking distance to Madison Ave *,232967878,Diana,THIRTEENTH WARD,42.67242,-73.79292,Entire home/apt,120.0,1,85,49
52837196,‚òÖMODERN 1BR Apt w/ PRIVATE deck! W/D‚òÖ,47625981,Linda,FOURTH WARD,42.65812,-73.74837,Entire home/apt,104.0,1,73,229
52863776,Washington Parkside 1 Bedroom In 1800s Brownstone!,355777684,Lloyd,SIXTH WARD,42.65826,-73.76944,Entire home/apt,111.0,1,200,316
52923647,Cozy 3BR House in Whitehall near DT Albany,428451585,Erwin,EIGHTH WARD,42.64792,-73.79953,Entire home/apt,225.0,3,0,365
53312101,* 1 bed near Times Union center & Egg w/parking *,232967878,Diana,SECOND WARD,42.64369,-73.7581,Entire home/apt,76.0,2,58,58
53483727,Spacious Urban APT w/4BR & Office in Albany,433096110,Brian,FOURTEENTH WARD,42.65824,-73.80114,Entire home/apt,205.0,1,158,223
53567589,Private Garden Apt in Downtown Albany|Pets Allowed,433096110,Brian,SIXTH WARD,42.65204,-73.76655,Entire home/apt,98.0,1,261,342
53645427,‚òÖ BEAUTIFUL  2 BED 2 BATH  w/ SOAKER TUB + W/D‚òÖ,47625981,Linda,FOURTH WARD,42.65913,-73.74722,Entire home/apt,135.0,1,116,204
54097694,B Unieke,438504176,Roland,SECOND WARD,42.64683,-73.75662,Entire home/apt,300.0,1,0,365
54126420,Beautiful 1 bedroom in a quiet residential area.,37769478,Erion,TENTH WARD,42.66261,-73.79026,Entire home/apt,82.0,1,103,364
54126421,Beautiful Apartment in the heart of Albany,37769478,Erion,SIXTH WARD,42.65422,-73.76996,Entire home/apt,95.0,1,69,182
54126427,Beautiful 1 bedroom In the heart of Albany,37769478,Erion,SIXTH WARD,42.65403,-73.77056,Entire home/apt,94.0,1,130,328
54128829,Modern & Cozy Cntr Square Townhouse Gem from 1854,265709295,Priscela,SIXTH WARD,42.65594,-73.76591,Entire home/apt,139.0,1,241,317
54150131,Charming 170-Year-Old Home in the Heart of Albany,432936385,Jared,SIXTH WARD,42.65143,-73.76497,Entire home/apt,158.0,1,214,293
54369238,"Cozy townhouse, close to hospital, free parking!",152762198,Allen,NINTH WARD,42.65578,-73.78641,Entire home/apt,97.0,3,52,143
54369240,Lovely 1 bedroom rental close to Alb Med!,152762198,Allen,TENTH WARD,42.65905,-73.77964,Entire home/apt,77.0,3,53,322
559249822516788574,Cozy 1 bedroom with office and luxurious King size,433884293,Uniah,NINTH WARD,42.66062,-73.79112,Entire home/apt,68.0,6,2,363
581057744765912905,‚óÜUNIQUE‚óÜ spacious LOFT with photo studio w/d!,47625981,Linda,THIRD WARD,42.65848,-73.76359,Entire home/apt,92.0,1,45,357
588298411730694861,Modern one bedroom with free off street parking,353498132,Michael,SECOND WARD,42.64441,-73.75647,Entire home/apt,118.0,13,13,268
593272120497643087,The Historic J. Buel Farmhouse - Luxury Suite,382970529,Thomas,THIRTEENTH WARD,42.66911,-73.79869,Private room,88.0,1,119,55
617242073954595468,Iconic City Center Apt in Downtown | Pets Allowed,433096110,Brian,SIXTH WARD,42.65353,-73.7679,Entire home/apt,98.0,1,171,326
618673322156725003,"Huge loft with a king bed, balcony and park views",2554853,Nim,SIXTH WARD,42.65547943115234,-73.76625061035156,Entire home/apt,136.0,5,8,267
619695112394148331,Modern luxury one bedroom with off street parking,353498132,Michael,SECOND WARD,42.64489,-73.75731,Entire home/apt,133.0,13,10,270
620480926228934988,"Lovely renovated, 2-bedroom home with free parking",457678547,Najeem Adegbemiga,SEVENTH WARD,42.640217,-73.780815,Entire home/apt,133.0,2,16,150
621960198566758900,The Historic Jesse Buel Farmhouse w/ Heated Pool,382970529,Thomas,FOURTEENTH WARD,42.66762,-73.79919,Entire home/apt,882.0,1,15,337
628824127129967353,Clean lines and accessible Convenient Location!,7164949,Jordan,THIRD WARD,42.66169974831227,-73.76466827605744,Private room,58.0,2,0,88
631035244220396236,‚òÖPRIVATE 1 BDRM Newly Renovated Apt W/D Patio‚òÖ,47625981,Linda,SECOND WARD,42.64558,-73.75928,Entire home/apt,98.0,1,55,339
638900897313146306,ü™¥ Historic & Homey 1 Bdrm Apt @ Downtown Albany,335923036,Mohammed,SECOND WARD,42.645351,-73.753647,Entire home/apt,1050.0,1,10,365
649973892551492641,Modern luxury studio with free off street parking,353498132,Michael,SECOND WARD,42.64625,-73.75663,Entire home/apt,90.0,14,8,46
654302747324294105,‚òÖ Private 1 bdrm w/ backyard access ‚òÖ In-unit W/D,47625981,Linda,FOURTH WARD,42.65752,-73.74743,Entire home/apt,104.0,1,51,336
658638185191740358,CHEERFULL 3 BEDROOM HOME WITH FREE PARKING.,466389096,Patrice,FIRST WARD,42.6374547,-73.7716647,Entire home/apt,140.0,7,5,274
662132809952482192,Beautiful 4 bedroom house Large eat in kitchen,466389096,Patrice,FIRST WARD,42.6378819,-73.7715269,Entire home/apt,125.0,7,2,334
668608096674070882,The Historic J. Buel Farmhouse-  Rose Feather Room,382970529,Thomas,FOURTEENTH WARD,42.66758,-73.7992,Private room,60.0,1,130,58
668608486588067880,The Historic J. Buel Farmhouse - Silk Hearth Room,382970529,Thomas,FOURTEENTH WARD,42.66764,-73.79908,Private room,63.0,1,111,59
681952268271889535,Albany-2 bedrooms apt (1st fl) A&A-Sisters Rental,461579260,Md,SECOND WARD,42.646896,-73.757612,Entire home/apt,140.0,1,3,122
687496906843024117,Albany-3 bedrooms apt (2nd fl) A&A-Sisters Rental,461579260,Md,SECOND WARD,42.64621,-73.75723,Entire home/apt,156.0,1,4,0
689719338468663432,"Elegant, spacious studio apt in historic mansion",1717342,David,SIXTH WARD,42.65405765037151,-73.76071299629517,Entire home/apt,83.0,1,249,211
692807914756117019,Relax in Style by Washington Park - Free Parking,67337944,Rabia,ELEVENTH WARD,42.6623,-73.777,Entire home/apt,104.0,31,104,118
703551649845095095,Cozy Albany Home,3650672,Zuhair,THIRTEENTH WARD,42.67075,-73.79704,Entire home/apt,162.0,3,3,152
704544922160063127,Cozy 1 Bedroom Apt in  desirable Albany locale,58406953,Nicholas,THIRTEENTH WARD,42.67485,-73.79867,Entire home/apt,82.0,2,2,80
705660262559003663,Luxurious one bedroom with off-street parking,353498132,Michael,SECOND WARD,42.64577,-73.7583,Entire home/apt,109.0,13,7,282
717373135846408345,Centrally located 2 bed w/ off street parking,232967878,Diana,THIRTEENTH WARD,42.67261,-73.79262,Entire home/apt,142.0,1,63,63
723956857052424266,"Modern home, King Bed 4 bed 2bath, Crib, parking",10279606,Noriyuki,NINTH WARD,42.65691,-73.78389,Entire home/apt,163.0,1,222,217
724566770267420045,Cozy Greenwood Flat (1 BDR Apartment in Albany),360287870,Mela,SIXTH WARD,42.6513719,-73.7673156,Entire home/apt,101.0,2,61,319
733964865705013296,Historic 1 bed/ 1 bath,502037254,Andrew,SIXTH WARD,42.65035,-73.76549,Entire home/apt,68.0,14,1,285
735879623743921266,Modern & Homey 1BD/1BA Fl 1 Apt @ Downtown Albany,44434571,Earl,THIRD WARD,42.64564,-73.75261,Entire home/apt,75.0,1,75,334
737574278276037589,4 bed all on one floor,232967878,Diana,TENTH WARD,42.66069,-73.78555,Entire home/apt,157.0,1,46,38
739722503092755616,Adirondack Suite #1,98744672,Bela,NINTH WARD,42.6543178,-73.7818222,Private room,45.0,2,36,287
743600140734706394,Cozy apartment 2min walk to Albanymed office space,484673863,Michaela,NINTH WARD,42.65569,-73.77685,Entire home/apt,82.0,2,16,315
744430701454304507,"1 Bedroom on Lincoln Park, near Lark and Downtown",65414985,James,SEVENTH WARD,42.6496,-73.76792,Entire home/apt,77.0,2,29,328
750748704706045644,Clean Escape- Centrally located- Self Check-In,255839958,Kira,SEVENTH WARD,42.64284,-73.77997,Entire home/apt,106.0,1,17,310
751421033442627559,Modern- Cozy Center City 2 Bedroom Apartment Style,486073806,Keneisha,FIFTH WARD,42.66648,-73.76831,Entire home/apt,115.0,2,27,355
752118894541630543,Cozy luxury brownstone w/ parking & yard,258664571,Vorakij,SECOND WARD,42.64439384900326,-73.75975701534425,Entire home/apt,125.0,2,83,327
752337379205662422,Penthouse Brownstone w/ luxury amenities,258664571,Vorakij,SECOND WARD,42.6444412,-73.75971410000001,Entire home/apt,113.0,2,86,350
756752556396798800,Private Room in the Center of the Albany,69729286,Musab,SIXTH WARD,42.65259,-73.76732,Private room,47.0,5,17,209
757342235277207834,Elegant Studio in Center Square,188679144,Elizabeth,SIXTH WARD,42.65534,-73.76461,Entire home/apt,63.0,7,14,336
757978037279611051,Charming location near universities & hospital,232967878,Diana,THIRTEENTH WARD,42.67261,-73.79262,Entire home/apt,105.0,2,49,52
761141715827746314,"Great place in the heart of Albany, with Parking",37769478,Erion,SIXTH WARD,42.65405,-73.76953,Entire home/apt,89.0,1,44,272
764508866835218670,Rest+Restore Room ‚Ä¢ Short & Extended Stay ‚Ä¢,6203319,Melissa,TENTH WARD,42.66117,-73.79091,Private room,64.0,1,31,74
770934454668024322,Albany 2 Bedroom House,48328222,John,FOURTEENTH WARD,42.6631926,-73.8153245,Entire home/apt,131.0,1,10,21
774701102203414342,Entire cozy unit in Albany,261036923,Hasan,FOURTEENTH WARD,42.6601,-73.80719,Entire home/apt,63.0,1,59,251
784781397995494758,Private bedroom and private bath w/separate entry,491907850,Donna,FOURTEENTH WARD,42.66298,-73.81361,Private room,45.0,1,15,83
786181179052991690,Center Square Gem: Junior 1 Bedroom,188679144,Elizabeth,THIRD WARD,42.65653,-73.76223,Entire home/apt,70.0,1,3,335
786228331433922432,Glamorous 1BR Retreat in Center Square,188679144,Elizabeth,SIXTH WARD,42.65322,-73.76249,Entire home/apt,93.0,7,4,357
786316043239579100,Elegant newly renovated cozy smart apartment,253824490,Tomar,FIFTH WARD,42.6591503133547,-73.75431932508945,Entire home/apt,86.0,2,36,187
787023821243442039,*The Allen House* Gorgeous Apartment - Sleeps 8,349460842,Scott,FOURTEENTH WARD,42.6653,-73.7943,Entire home/apt,204.0,1,105,335
788301415655396660,Spacious 2 bed w/parking,232967878,Diana,SECOND WARD,42.64409,-73.75709,Entire home/apt,128.0,1,65,63
794723189688979530,Updated 3/1 unit for Professionals,20144241,Carla,FIFTH WARD,42.67283,-73.77367,Entire home/apt,94.0,3,14,58
795541666227926706,Victorian Mansion on Washington Park,493882819,Terra,NINTH WARD,42.656329,-73.7752048,Entire home/apt,800.0,1,5,178
796231143904004713,Washington Park Inn 4,493882819,Terra,NINTH WARD,42.65582,-73.77541,Private room,134.0,1,12,215
797455132224782470,Women only Alb Medical/colleges/Dtwn Albany Room O,89705052,Share,TENTH WARD,42.65741,-73.78034,Private room,54.0,2,14,91
802216634798169031,Washington Park Inn 6,493882819,Terra,SIXTH WARD,42.65751,-73.77409,Private room,168.0,1,6,205
803604897479679272,3br/2ba Near Alb Med & St.Petes.,21886921,David,FOURTEENTH WARD,42.66691,-73.79338,Entire home/apt,125.0,14,3,326
803682039097862541,Modern and Cozy Pine Hills Home from Early 1900s,265709295,Priscela,THIRTEENTH WARD,42.6702921,-73.7907283,Entire home/apt,135.0,1,14,312
803814397190632412,Washington Park Inn - Room 5,493882819,Terra,NINTH WARD,42.656329,-73.775205,Private room,134.0,1,6,198
803867986023966300,Washington Park Inn 1,493882819,Terra,NINTH WARD,42.656329,-73.775205,Private room,134.0,1,9,208
806767523952124375,& Modern Luxury Cottage in Central ALB,110453341,Alexis,FIFTH WARD,42.6684126,-73.7684199,Entire home/apt,95.0,1,39,327
809524698302742033,Two bedroom apartment near hospitals pet friendly,172658781,Jessica,NINTH WARD,42.65613971519499,-73.79212237894535,Entire home/apt,85.0,30,0,80
813640070361665090,The front room w/ TV and king size bed,116935236,Felicisimo,THIRTEENTH WARD,42.67144,-73.79033,Private room,50.0,2,16,330
816085193659797849,Cozy Apartment across the Park,37769478,Erion,SIXTH WARD,42.65258,-73.76917,Entire home/apt,84.0,1,36,361
821566342267452838,COMFY Room/w Private BATH + TV,177073982,Cristian,FOURTEENTH WARD,42.66109,-73.80479,Private room,52.0,2,3,212
826301775871257033,2 br apt 2 min walk to albanymed offstreet parking,484673863,Michaela,NINTH WARD,42.65613,-73.77469,Entire home/apt,75.0,1,29,340
831122937768017113,Boho-Chic Cape Conveniently Located,210596861,Craig,FIFTEENTH WARD,42.67076,-73.82612,Entire home/apt,221.0,2,99,226
841524382518312215,Mellow Cove,462042479,Natasha,SIXTH WARD,42.66008,-73.76977,Entire home/apt,120.0,3,6,365
841524433909352403,Cozy Cove Away From Home,462042479,Natasha,SIXTH WARD,42.65987,-73.77025,Entire home/apt,120.0,3,12,365
843481456379840308,Center Square Serenity: 2-Bedroom Elegance,188679144,Elizabeth,SIXTH WARD,42.65483,-73.76353,Entire home/apt,91.0,1,2,305
845960193409947556,Modern Cottage-Perfect for Families!,268741708,Antoinette,FIRST WARD,42.63504,-73.79833,Entire home/apt,325.0,2,105,84
846586211673806912,Spacious Home Away from Home!,49372011,Philip,TWELFTH WARD,42.67336,-73.78619,Entire home/apt,196.0,3,19,121
849460179246794510,Your luxury home away from home,1761578,Grant,SIXTH WARD,42.65432,-73.76531,Entire home/apt,270.0,2,2,118
850173470105833039,Stunning Guest Suite in Historic 1874 Row House,120815848,Phat,SECOND WARD,42.6446,-73.75885,Private room,87.0,1,167,337
850653820133738660,"Private queen room near Albany Med, UAlbany",20536619,Emily,THIRTEENTH WARD,42.67177,-73.79464,Private room,65.0,7,15,128
857981934159027424,Updated Historic Brownstone Apt.,60293220,David,THIRD WARD,42.65817,-73.74935,Entire home/apt,89.0,2,21,344
870457209918967324,Quiet Room Near Everything,177073982,Cristian,FOURTEENTH WARD,42.66128,-73.80548,Private room,52.0,3,4,242
880290989870286099,Spacious 3BR with 2BA & Laundry,49372011,Philip,ELEVENTH WARD,42.67355,-73.78496,Entire home/apt,251.0,2,26,241
881231954286264195,Exposed Brick with Park Views,37769478,Erion,SIXTH WARD,42.65379,-73.76901,Entire home/apt,87.0,1,20,299
882229561343619620,Modern / Downtown Albany 1 BR APT,512736975,Miguelino,TENTH WARD,42.6599733,-73.7747433,Entire home/apt,69.0,2,61,141
887167811237271928,The Comfort II,459472925,Gabriel,THIRD WARD,42.66246,-73.76576,Private room,36.0,1,26,358
887179061681202083,The Comfort,459472925,Gabriel,THIRD WARD,42.6628771,-73.76534029999999,Private room,36.0,1,29,324
888859204851381094,Walk to Downtown Albany: Ten Broeck Triangle Apt!,121680792,Evolve,THIRD WARD,42.65822,-73.75132,Entire home/apt,94.0,2,14,337
898743867240851780,"Airy 5Br-2Ba,Kids Rm, 6TVs,Pvt Fence-yard&Parking!",516414095,Rashawn,TENTH WARD,42.66087,-73.78655,Entire home/apt,236.0,2,52,82
902166216060824525,2 bdrm Modern & Hip Apt w/ Patio,47625981,Linda,SEVENTH WARD,42.64787,-73.76707,Entire home/apt,140.0,1,49,332
902326803627859755,"""The LEO Home"" Private Bedroom 4",349460842,Scott,TENTH WARD,42.66174,-73.78325,Private room,70.0,30,0,361
904392960639597224,/Luxury Modern Western Hideout\,4259750,Peter,THIRTEENTH WARD,42.6652959,-73.7868778,Entire home/apt,136.0,1,18,233
905007131419044966,*The Red House* 4 Bedrooms‚Ä¢Beautifully Renovated,349460842,Scott,TENTH WARD,42.66217,-73.78299,Entire home/apt,205.0,1,60,344
917510613914219375,"R&R | Hospitals, Colleges + Politics",6203319,Melissa,TENTH WARD,42.66261,-73.79158,Private room,75.0,1,10,29
919055506310955442,Room for rent,502751555,Grace,FIFTH WARD,42.67292,-73.7776,Private room,93.0,1,0,364
921076441920995839,Work hard! Play hard!,521669673,Kody,THIRD WARD,42.6586,-73.75743,Entire home/apt,72.0,14,3,217
928948908785846870,Newly Renovated Gem in Melrose - Pet Friendly,441054845,Thaddeus,THIRTEENTH WARD,42.67066,-73.79571,Entire home/apt,60.0,1,65,172
932618854176539492,Cozy space all on 1 floor close to U Albany,232967878,Diana,THIRTEENTH WARD,42.67261,-73.79264,Entire home/apt,132.0,1,42,66
932642358896439621,Stylish top floor apt w/parking,232967878,Diana,THIRTEENTH WARD,42.67224,-73.79301,Entire home/apt,106.0,1,41,59
937837897631191844,Hudson 2 at The Argus Hotel,526358730,Argus,SIXTH WARD,42.65867,-73.77479,Private room,165.0,1,2,252
937838302933205871,Hudson 1 at The Argus Hotel,526358730,Argus,ELEVENTH WARD,42.6606,-73.77284,Private room,165.0,1,7,264
937917144482762419,Hudson 3 ADA at The Argus Hotel,526358730,Argus,TENTH WARD,42.65908,-73.77456,Private room,165.0,1,7,256
937959604296602771,Whalen 2 Deluxe at The Argus Hotel,526358730,Argus,TENTH WARD,42.66003,-73.7732,Private room,174.0,1,0,265
938280419686165005,Historic Carriage House  in Washington Park,526358730,Argus,TENTH WARD,42.66036,-73.7729,Entire home/apt,307.0,1,16,249
938431811499141903,The little room with TV and twin bed,116935236,Felicisimo,THIRTEENTH WARD,42.66974,-73.78611,Private room,37.0,2,31,364
938475906652462790,Colorful and eclectic apartment,132766782,Kelly,TWELFTH WARD,42.67398,-73.79126,Entire home/apt,128.0,3,9,260
940012438497375577,Sunny King bed w private luxurious bath & garden,172539578,David Yisrael,FIFTEENTH WARD,42.68001107488553,-73.81705995884008,Private room,53.0,3,6,84
942750363293463100,The spacious room w/ tv dresser/desk,116935236,Felicisimo,ELEVENTH WARD,42.67034,-73.7851,Private room,54.0,2,18,292
950211425725610511,"Historic, Spacious Mansion Suite",1717342,David,SIXTH WARD,42.6541815,-73.76086049999999,Entire home/apt,102.0,1,163,209
957914480227791276,"2 bedroom+home office, private parking & backyard",217254883,Ermenita,NINTH WARD,42.6549886,-73.79390939999999,Entire home/apt,131.0,1,111,18
958199983873241221,Oasis Garden Apt w/Queen Bed,172539578,David Yisrael,FIFTEENTH WARD,42.678962799458816,-73.81724461913109,Entire home/apt,116.0,3,19,208
963920695464462572,Comfy studio in heart of Albany,189586864,Justin,SIXTH WARD,42.65241,-73.77002,Entire home/apt,82.0,1,94,346
965313684808466476,Historic Brownstone in Albany,533703131,Abel,THIRD WARD,42.65665876086533,-73.74939680099487,Entire home/apt,94.0,1,4,7
969886763377526954,Abba House historic Retreat - 1st Floor Queen Bed,382970529,Thomas,FOURTEENTH WARD,42.66877,-73.79927,Private room,55.0,1,109,215
980034348801186320,Chic Madison Parkview,241123402,JShing,SIXTH WARD,42.65312775001394,-73.76950465142727,Entire home/apt,91.0,1,23,306
983306819910081094,The House That Pat Built,114183978,Tyrell,FIFTH WARD,42.66628,-73.76512,Entire home/apt,90.0,2,4,81
989010058281318863,Modern 1BR in a great location,75667477,Ahmad,THIRD WARD,42.65515515851637,-73.76052582647431,Entire home/apt,77.0,30,7,228
989897095065962672,Minutes from hospitals and Universities,109133858,Priscilla,THIRTEENTH WARD,42.6716,-73.79799,Entire home/apt,164.0,2,3,260
992119832780871644,Two bedroom close to colleges!,152762198,Allen,FOURTEENTH WARD,42.67098,-73.80695,Entire home/apt,96.0,3,16,165
992554549672159765,"Beautiful huge 4 bedrm , 3 bathrm private parking",476189412,Timothy,SEVENTH WARD,42.64485687096462,-73.77281881169621,Entire home/apt,267.0,3,6,85
999161887055542119,"Spacious Apartment Downtown Albany, NY",531209536,Amar,THIRD WARD,42.65762,-73.75116,Entire home/apt,84.0,1,32,83
1004978540001566331,Elegant Albany Retreat | Mins to D/T & UAlbany,31318080,Cindy,EIGHTH WARD,42.6555,-73.81066,Entire home/apt,168.0,2,49,140
1005978346817864540,Massive 4BD/3BA 2-Fl Townhouse Apt Downtown Albany,44434571,Earl,SECOND WARD,42.64534889999999,-73.75364650000002,Entire home/apt,183.0,1,59,334
1007354086435981132,Top floor w/off street parking,232967878,Diana,TENTH WARD,42.66091,-73.78453,Entire home/apt,189.0,1,35,63
1010759793485911351,Abba House Historic Retreat - 3rd Flr Twin Bed,382970529,Thomas,THIRTEENTH WARD,42.67003,-73.79771,Private room,51.0,1,57,269
1010759799610182054,Abba House historic Retreat - 3rd Floor Single Bed,382970529,Thomas,THIRTEENTH WARD,42.66971,-73.79755,Private room,51.0,1,64,269
1012862218478447339,Centrally Located 4 Story Manor,382970529,Thomas,THIRTEENTH WARD,42.66989924546552,-73.7977031057611,Entire home/apt,1200.0,1,0,172
1013659440189111738,Abba House Historic Retreat - 2nd Floor Full Bed,382970529,Thomas,FOURTEENTH WARD,42.66873,-73.7993,Private room,59.0,1,22,184
1015385216942267174,Á∫ΩÁ∫¶Â∑ûÈ¶ñÂ∫úÁöÑÊ∏©È¶®Â∞èÂ±ã,182509542,Yan,NINTH WARD,42.6558992,-73.7965699,Private room,24.0,1,0,73
1016050146219474145,Heart of Albany - Downtown Near Everything,42708277,Rodney,SIXTH WARD,42.65539,-73.76416,Entire home/apt,72.0,1,38,38
1018268869882592471,Spacious Townhouse Walking Distance from Downtown,528617680,Paola,SECOND WARD,42.6459,-73.75828,Entire home/apt,102.0,1,1,156
1018299533220989494,Abba House Historic Retreat - 2nd Floor Queen Bed,382970529,Thomas,THIRTEENTH WARD,42.66996,-73.79816,Private room,58.0,1,80,258
1018972187574908115,1 Comfy Bedroom Across the Park,37769478,Erion,SIXTH WARD,42.6535,-73.77046,Entire home/apt,81.0,1,58,344
1020518500251473070,Downtown Studio,233515764,Etem,SECOND WARD,42.64714,-73.75466,Entire home/apt,64.0,1,135,60
1020993107237604444,*Beautiful* Spacious Prime DT 1 Bedroom Apt w GYM,47625981,Linda,THIRD WARD,42.6586,-73.76421,Entire home/apt,107.0,1,20,231
1021011347006185640,*Spacious* Modern 1 Bedroom RARE Apt w GYM,47625981,Linda,THIRD WARD,42.65971,-73.76382,Entire home/apt,107.0,1,28,257
1023053182224590019,Great home in Albany,496990578,Brian,ELEVENTH WARD,42.66838,-73.77868,Entire home/apt,116.0,2,80,25
1034722814589239236,"*Huge, bright, private 2Bedroom*",130404008,Michael,THIRD WARD,42.65711,-73.75133,Entire home/apt,91.0,14,2,35
1040624808363695229,Safe - Sweet -Serene - Long Term,42708277,Rodney,SIXTH WARD,42.65447,-73.76078,Entire home/apt,62.0,1,46,50
1043565517982254841,2 bed room Apartment,212885959,Osas,SECOND WARD,42.63976,-73.75705,Entire home/apt,94.0,1,19,101
1051544181986274174,Renovated Cozy 1920‚Äôs Apartment,31994990,Gonca,SEVENTH WARD,42.64478,-73.7764,Entire home/apt,53.0,28,1,88
1052381112116173923,Charming Bungalow in Albany!,52464523,Dashima,FIRST WARD,42.64081,-73.77463,Entire home/apt,114.0,30,9,233
1056068682616336229,two private bedrooms near hospitals & schools,20536619,Emily,THIRTEENTH WARD,42.6714,-73.79431,Private room,106.0,5,1,69
1056469473906808728,"Bonjour, Bienvenue A Chez Pierre",553112010,Lynn,TWELFTH WARD,42.7149,-73.87649,Private room,87.0,2,1,268
1061814091773376272,Massive 5BD/4BA 3-Story Duplex @ Downtown Albany,44434571,Earl,SECOND WARD,42.64418,-73.75316,Entire home/apt,307.0,1,17,324
1062527013885315764,"private twin room near hospitals, schools",20536619,Emily,THIRTEENTH WARD,42.67096,-73.79514,Private room,51.0,7,12,179
1072781767409521866,The Bluebird‚Äôs Nest,426223840,Antonio,ELEVENTH WARD,42.663915656143736,-73.77786945551634,Entire home/apt,77.0,1,39,247
1073179963201889958,In the heart of Albany,31994990,Gonca,SEVENTH WARD,42.64473,-73.77641,Entire home/apt,53.0,20,2,132
1075444056381274297,The Tangerine Door,542733174,Rebecca,TWELFTH WARD,42.67908,-73.79505,Entire home/apt,140.0,2,22,110
1079742757364810916,Lark St Oasis: Parking & Laundry,119340359,Lori,SIXTH WARD,42.65531,-73.76449,Entire home/apt,148.0,2,7,0
1090781013234004527,Newly renovated cozy apartment !,521669673,Kody,THIRD WARD,42.65975,-73.76311,Entire home/apt,75.0,14,1,252
1090800410444414860,Work hard and relax !,521669673,Kody,THIRD WARD,42.65874,-73.76302,Entire home/apt,68.0,14,0,268
1091422934956081673,2 bed with parking off Madison,232967878,Diana,TENTH WARD,42.65988,-73.78486,Entire home/apt,136.0,2,16,66
1091500387329731524,Triplex oasis w:parking near MVP,232967878,Diana,SECOND WARD,42.64409,-73.75709,Entire home/apt,76.0,2,60,48
1097995825442731795,New Center square studio,232967878,Diana,SIXTH WARD,42.65269,-73.76567,Entire home/apt,93.0,2,43,44
1100876731732967826,"Homey, Quiet 2BR W/ Washer Dryer",152762198,Allen,FOURTEENTH WARD,42.67008,-73.80691,Entire home/apt,94.0,3,28,145
1102984130027939637,Lovely 1 bedroom across the Park,37769478,Erion,SIXTH WARD,42.65289,-73.76834,Entire home/apt,71.0,1,47,353
1105303461851883481,Downtown Brownstone with a View!,14817455,Matt,THIRD WARD,42.65749,-73.75263,Entire home/apt,140.0,7,0,170
1108060100336766656,downtown,539608284,Joyhefsiba,THIRD WARD,42.66141,-73.76361,Private room,54.0,30,0,364
1111221935683053416,Historical Pastures,418250661,Stephanie,THIRD WARD,42.6564469,-73.7507251,Entire home/apt,99.0,2,8,317
1119691401020641385,Serene 1BR Escape: Walk to Eateries & Parks in ALB,472965048,Corey,SIXTH WARD,42.65348,-73.7637,Entire home/apt,87.0,1,14,144
1119844407084108907,1 bed 1 bath Apartment,477328400,Tyler,SEVENTH WARD,42.64885,-73.76523,Entire home/apt,90.0,2,38,136
1120212616553191970,Garden Apt Guest Suite in Historic 1858 Row House,472965048,Corey,SIXTH WARD,42.65194,-73.76526,Entire home/apt,87.0,1,28,172
1121699903906738345,Cozy apartment in Albany,1761578,Grant,SIXTH WARD,42.65314,-73.76546,Entire home/apt,90.0,2,6,117
1123231471304541808,"Modern townhouse 2 Bedrooms, King Bed, parking",10279606,Noriyuki,FIFTEENTH WARD,42.66901,-73.82402,Entire home/apt,119.0,1,44,246
1124558577325015506,Charming 1BR Near Capitol-Dwntwn,46312980,Robert,SECOND WARD,42.646032,-73.760482,Entire home/apt,64.0,3,4,175
1124632058968031818,Modern Duplex - Historical Home,46312980,Robert,SECOND WARD,42.646032,-73.760482,Entire home/apt,94.0,3,5,44
1128332989288304495,Downtown Albany Vacation Rental - Chic & Walkable!,121680792,Evolve,THIRD WARD,42.65694,-73.75449,Entire home/apt,96.0,2,3,181
1128386510439836615,Welcome home travelers,502037254,Andrew,SEVENTH WARD,42.64893,-73.76886,Entire home/apt,75.0,25,2,147
1131258472427093335,"Modern 2 BR near MVP Arena, Colleges, Airport",440509865,John,FIFTEENTH WARD,42.674853495878494,-73.81692445092622,Entire home/apt,153.0,1,39,288
1134940445251354534,Calling all travelers,521669673,Kody,THIRD WARD,42.65909,-73.75691,Entire home/apt,70.0,14,1,226
1135812630237897119,Cozy Bedrooms in Albany,522436003,Adriana,THIRTEENTH WARD,42.6689614,-73.7890379,Private room,36.0,28,0,269
1136433500940918827,"""The LEO Home"" Private Bedroom 1",349460842,Scott,THIRTEENTH WARD,42.66368,-73.78128,Private room,56.0,30,0,299
1137574905808100256,Albany‚Äôs Cozy Staycation Spot,437410521,Samantha,TWELFTH WARD,42.69546658048347,-73.8520194447236,Entire home/apt,225.0,1,1,276
1142832011692120213,Charming 1-BR Apt with beautiful patio and parking,129023424,Riccardo,THIRTEENTH WARD,42.67105,-73.7995,Entire home/apt,107.0,7,6,180
1146241260871564965,Larson Green,233515764,Etem,SIXTH WARD,42.6524924,-73.7674361,Entire home/apt,81.0,1,52,59
1146352622413555849,491 Washington Ave FL1Rare,575030103,Rehan,ELEVENTH WARD,42.66259,-73.7733,Private room,50.0,2,19,266
1147092019793504034,Larson Blue,233515764,Etem,SIXTH WARD,42.65274,-73.76779,Entire home/apt,80.0,1,64,52
1150611568915810847,Albany historic Washington Park,576083630,Joseph,SIXTH WARD,42.6586049,-73.76803290000001,Entire home/apt,89.0,2,11,79
1158059552251999833,"""The Albany Allen Home"" Private Bedroom 1",349460842,Scott,TENTH WARD,42.66428,-73.79249,Private room,52.0,28,2,269
1158239701426064904,Funky loft studio,502037254,Andrew,THIRD WARD,42.65845,-73.75926,Entire home/apt,70.0,30,0,208
1164651175585600815,*Private Entrance* Cozy Apt Bright + Modern W/D,47625981,Linda,SEVENTH WARD,42.64727,-73.76758,Entire home/apt,107.0,1,12,325
1170384250566304506,/An Oasis 8 ppl Yard Grill W/D\,580892646,Crystal,SECOND WARD,42.64349,-73.75906,Entire home/apt,338.0,2,2,47
1171795874799450911,Walk to convention center:Lark St:Capital,232967878,Diana,SIXTH WARD,42.65314,-73.7653,Entire home/apt,128.0,1,40,45
1171885189346375850,/A spacious suite: King/Queen beds Grill WD yard\,580892646,Crystal,SECOND WARD,42.64462,-73.75764,Private room,204.0,2,0,50
1173390858101803102,New near major medical facility,232967878,Diana,SEVENTH WARD,42.64442,-73.77938,Entire home/apt,213.0,2,16,50
1174544643387116469,"Spacious, Modern Gem in Melrose - Pet Friendly",441054845,Thaddeus,THIRTEENTH WARD,42.66894,-73.79549,Entire home/apt,257.0,1,54,170
1182574461437954732,Limited Time Listing,42708277,Rodney,SIXTH WARD,42.6534205,-73.7639758,Entire home/apt,69.0,1,22,58
1183457852972127594,Upscale Listing-Heart of Albany,42708277,Rodney,SIXTH WARD,42.65227,-73.7646,Entire home/apt,66.0,1,18,58
1183460523409924571,Albany Business Class Apartment,42708277,Rodney,SIXTH WARD,42.6524,-73.76351,Entire home/apt,64.0,1,14,54
1184656403266667138,NEW studio w/2 beds near MVP,232967878,Diana,SECOND WARD,42.64409,-73.75709,Entire home/apt,120.0,1,15,66
1185537980724624711,Empire Plaza Apartment,29483818,Ben,SIXTH WARD,42.65327,-73.76181,Entire home/apt,85.0,1,109,84
1185591493744586895,"""The Albany Allen Home"" Private Bedroom 3",349460842,Scott,FOURTEENTH WARD,42.66612,-73.79275,Private room,65.0,28,0,177
1187591175698501325,House near major medical center,232967878,Diana,NINTH WARD,42.65502,-73.79183,Entire home/apt,250.0,1,24,64
1189245100874558445,Beautiful 2 Bedroom with Parking,37769478,Erion,SIXTH WARD,42.65333,-73.7711,Entire home/apt,112.0,1,21,311
1189249179392132534,Lovely 1 Bedroom with Parking,37769478,Erion,TENTH WARD,42.66215,-73.79048,Entire home/apt,80.0,1,32,352
1191895319439613036,"Room in Albany, 4 minutes from AMC",32379616,Fabiola,TENTH WARD,42.6605291,-73.7831549,Private room,33.0,28,0,273
1192795085655166314,Privateroom with shared bathroom for Nurses&grads,382446799,Elizabeth,NINTH WARD,42.65542,-73.78155,Private room,42.0,1,6,263
1196459023545165129,Albany Vacation Rental w/ State Capitol Views!,121680792,Evolve,SIXTH WARD,42.65521,-73.76497,Entire home/apt,218.0,5,0,315
1198592120169206200,"""The LEO Home"" Private Bedroom 2",349460842,Scott,TENTH WARD,42.66269,-73.78163,Private room,56.0,30,0,179
1201525324551556925,Traveling Medical Professionals,413566290,Victoria,NINTH WARD,42.65506735928797,-73.79768460988998,Private room,46.0,2,5,106
1208695175897245796,"""The Albany Allen Home"" Private Bedroom 5",349460842,Scott,TENTH WARD,42.6639,-73.7927,Private room,56.0,28,0,304
1209313814437527365,"private queen room near AMC, UAlbany",20536619,Emily,THIRTEENTH WARD,42.67318,-73.79345,Private room,58.0,7,2,88
1210875317904799284,Charming Home,147780154,Julia,EIGHTH WARD,42.65812,-73.81912,Entire home/apt,199.0,3,0,358
1223845635352908531,"493 Washington Ave, Albany 12206, 1st Floor",575030103,Rehan,ELEVENTH WARD,42.66332540000001,-73.77422550000001,Entire home/apt,99.0,3,7,343
1224184445857718550,White Cozy Room,522436003,Adriana,THIRTEENTH WARD,42.66859,-73.78832,Private room,55.0,28,2,273
1227494196390230149,/Audubon Apartment\ 3bed 1bath built1928 Pine Hill,52123673,Joseph,THIRTEENTH WARD,42.66955,-73.78542,Entire home/apt,120.0,2,6,267
1229287611382413342,The Crimson Retreat,562084689,Antonio,TENTH WARD,42.66095,-73.77813,Entire home/apt,165.0,1,22,358
1229302903741056027,It's Like a Treehouse,562084689,Antonio,TENTH WARD,42.66104,-73.77971,Entire home/apt,150.0,1,12,152
1229336497403850446,Indigo Bunting Nest,562084689,Antonio,ELEVENTH WARD,42.66319,-73.77897,Entire home/apt,145.0,1,29,0
1230257693323535013,Chic Garden Apt Center Square | King Bed & Laundry,106636448,Daniel,SIXTH WARD,42.65507161089614,-73.76475094677727,Entire home/apt,118.0,1,38,234
1233366548908684664,Larson Gold,233515764,Etem,SIXTH WARD,42.65173,-73.76786,Entire home/apt,74.0,1,48,41
1234376912864523021,Spacious Garden Apt in Center Square,564967431,Stephanie,SIXTH WARD,42.65046806904435,-73.7643479581064,Entire home/apt,81.0,2,2,322
1237963668912797614,Tasteful‚Ä¶in more ways than one!,382970529,Thomas,SIXTH WARD,42.65507057171404,-73.76151133328676,Entire home/apt,58.0,4,26,88
1240621479377945523,Private suite with separate entrance in Mansion,412416973,Virginia,SECOND WARD,42.64566906803636,-73.75883447708878,Private room,75.0,1,7,266
1242227342075722524,Nice room in downtown albany,594734396,Abdelrahman,SECOND WARD,42.6425,-73.75889,Private room,73.0,1,30,300
1246452851774715158,Room close to AMC and St peter,652223872,Umit,TENTH WARD,42.65941683202992,-73.78360267728567,Private room,41.0,3,4,349
1252203595666312568,"""The Albany Allen Home"" Private Bedroom 4",349460842,Scott,TENTH WARD,42.665179051217486,-73.79260147965597,Private room,52.0,28,0,364
1252255960109808438,The Old Lawmaker's Building.,172861174,Vibha,THIRD WARD,42.6551298,-73.75842949999999,Private room,92.0,1,6,350
1252258297385952172,staycation CAP region,38324986,Gregory,EIGHTH WARD,42.64548739100758,-73.7896032151887,Entire home/apt,218.0,3,0,250
1252301211909514289,"""The Albany Allen Home"" Private Bedroom 2",349460842,Scott,TENTH WARD,42.66555578069533,-73.79269774597833,Private room,52.0,28,1,364
1256391301639690602,Lovely 1 bedroom across the park,37769478,Erion,SIXTH WARD,42.65422976833157,-73.76982577313373,Entire home/apt,71.0,1,10,289
1256498995571429533,"""The LEO Home"" Private Bedroom 3",349460842,Scott,TENTH WARD,42.66226,-73.78221,Private room,52.0,30,0,179
1258922176307142144,Cozy Boho 1BR Near Albany Med & St Peter Hospitals,18490980,Jeremy,SIXTH WARD,42.65337803678852,-73.7728707580915,Entire home/apt,83.0,1,6,179
1259604917138801047,In Town Convenient Studio | Washington Park Albany,18490980,Jeremy,SIXTH WARD,42.65584,-73.76565,Entire home/apt,81.0,28,7,180
1264531987910224088,"*Serene* Parkside 2BR Apt: Private Entrance, W/D",47625981,Linda,SEVENTH WARD,42.64762856666501,-73.76751684061892,Entire home/apt,131.0,1,21,326
1265342374507338537,Stylish studio - downtown Albany,564967431,Stephanie,SIXTH WARD,42.65004675077063,-73.76402178164355,Entire home/apt,68.0,2,6,182
1266676779473584420,Row house on the park,1017349,Chris,SIXTH WARD,42.65319027333566,-73.76970599961155,Private room,75.0,1,1,83
1268205616603776750,Central Location 1 Bed 1 Bath With Parking,270608641,Enkelejda,SIXTH WARD,42.65137969505171,-73.76947069212083,Entire home/apt,76.0,1,11,338
1269145433396830936,King Bed in Spacious Aparment Close to Everything,382970529,Thomas,THIRTEENTH WARD,42.66916459999999,-73.79776079999999,Private room,49.0,2,3,266
1273958657689116365,3 Bedroom Cozy Ranch,57127782,Deanna,FIFTEENTH WARD,42.673155,-73.8203654,Entire home/apt,164.0,1,28,168
1274613024891750632,Two bedroom apartment in the heart of Albany,32379616,Fabiola,THIRD WARD,42.66487530937626,-73.76730339028755,Entire home/apt,89.0,28,0,336
1277717926531215616,Large Center Sq Luxury Retreat.,65760,Anthony,SIXTH WARD,42.6497616,-73.7645287,Entire home/apt,168.0,4,1,97
1284151940120079993,Spacious 4-Bedroom Home with Modern Amenities,653956114,Michael,TENTH WARD,42.66203830172302,-73.78922093804118,Entire home/apt,156.0,2,13,152
1284983740417509877,Cowen Residence Hospitality.,661066080,Conseta,FOURTH WARD,42.67445142837617,-73.73835701264711,Entire home/apt,92.0,1,1,174
1288603783171108127,Washington Lofts 109 Spacious 1 Bedroom 1 Bath,358619880,Properties By Preston,THIRD WARD,42.65769853839876,-73.76265861973056,Entire home/apt,71.0,31,2,289
1288603840617378795,Washington Lofts 303 Spacious 1 Bedroom 1 Bath,358619880,Properties By Preston,THIRD WARD,42.657972465126825,-73.76464632915632,Entire home/apt,81.0,31,1,134
1288603902798375521,Washington Lofts 304 Spacious 1 Bedroom 1 Bath,358619880,Properties By Preston,THIRD WARD,42.65735001723258,-73.76321831042932,Entire home/apt,71.0,31,3,345
1288604046621507922,Washington Lofts 109 Spacious 1 Bedroom 1 Bath,358619880,Properties By Preston,THIRD WARD,42.65537054523247,-73.76089577263407,Entire home/apt,66.0,31,1,257
1288604092723663347,Washington Lofts 310 Spacious 1 Bedroom 1 Bath,358619880,Properties By Preston,SIXTH WARD,42.65678,-73.76367,Entire home/apt,90.0,31,0,136
1289084606313003203,"1 bedroom apt close to hospitals,3min to Albanymed",484673863,Michaela,TENTH WARD,42.65701240741075,-73.78116252001512,Entire home/apt,68.0,1,24,353
1291321613053647042,The Belvedere,571617730,Zinte,SECOND WARD,42.6445746,-73.7566836,Entire home/apt,300.0,1,0,357
1292881870228693830,‚ÄòThe Blue Home‚Äô Private Bedroom 3 / 1 Full Bath,349460842,Scott,TENTH WARD,42.66229705990609,-73.78175574496683,Private room,70.0,30,0,92
1294330125585979004,Modern Luxury 2 bedroom w/yard,353498132,Michael,EIGHTH WARD,42.64592834063253,-73.79876141165387,Entire home/apt,171.0,13,0,210
1295804289767410494,'The Blue Home' Private Bedroom 1 / 1 Full Bath,349460842,Scott,THIRTEENTH WARD,42.66345629680885,-73.7818281544101,Private room,70.0,30,0,291
1296651761769034648,Room in Albany,663670719,Elhadj,THIRTEENTH WARD,42.66434543814111,-73.77874573138119,Private room,38.0,1,8,243
1296756366433115082,"Room In Albany, NY",663670719,Elhadj,ELEVENTH WARD,42.66294970341223,-73.7789027115689,Private room,36.0,1,31,297
1298067362380112500,Fresh & Modernized 2BR Fl 1 Apt @ Downtown Albany,44434571,Earl,SECOND WARD,42.64441207268658,-73.7522667363394,Entire home/apt,100.0,1,12,346
1298625208863760034,Mid-century Cozy Retreat W/D,47625981,Linda,SEVENTH WARD,42.64882383528059,-73.7666466200598,Entire home/apt,107.0,1,3,352
1300644516303671513,Hope On The Hill,341431807,Rakee,FIRST WARD,42.6310402282283,-73.77196507981581,Entire home/apt,104.0,1,4,365
1308084493028885153,‚ÄòThe Blue Home‚Äô Private Bedroom 2 / 1 Full Bath,349460842,Scott,TENTH WARD,42.66299894556866,-73.7825558531992,Private room,56.0,28,0,265
1308111521841678866,‚ÄòThe Blue Home‚Äô Private Bedroom 4 / 1 Full Bath,349460842,Scott,TENTH WARD,42.66239946679698,-73.78271260107455,Private room,56.0,30,0,273
1310170283925918533,Private Room In Albany,663670719,Elhadj,ELEVENTH WARD,42.66375890730826,-73.77674406705056,Private room,44.0,1,17,303
1312449079141263102,COZY  house,667142820,Sylvain Marco,FIFTEENTH WARD,42.6694592,-73.8269249,Entire home/apt,250.0,30,0,365
1319619558594743733,Prime Location - 1 Bedroom,559146397,Cathleen,SIXTH WARD,42.65331,-73.76971,Entire home/apt,75.0,31,0,32
1319649416178819713,The Sweet spot,252422913,Dennis,FIFTEENTH WARD,42.67077854215789,-73.82525054567722,Entire home/apt,106.0,2,1,83
1325491259534107672,Walk to Washington Park: Remote Work-Ready Apt!,121680792,Evolve,SIXTH WARD,42.65481,-73.77287,Entire home/apt,101.0,2,0,343
1328247359330291677,The Whisky House,666182267,Tyler,SIXTH WARD,42.65015,-73.76337,Entire home/apt,170.0,2,10,211
1328401906195927790,Top of The Capital,392074908,Jerry,SIXTH WARD,42.65262,-73.76134,Entire home/apt,103.0,2,4,358
1329355205441244604,Albany Prime Location - 1 Bed,559146397,Cathleen,SIXTH WARD,42.65344807383542,-73.76942854374647,Entire home/apt,83.0,31,0,245
1334238579190312184,Charming & Roomy 3BR/1BA Fl 2 Apt @Downtown Albany,44434571,Earl,SECOND WARD,42.6440750005831,-73.75452790055822,Entire home/apt,109.0,1,4,0
1344295935213350424,Business Travelers Retreat,42708277,Rodney,FOURTH WARD,42.67538365828664,-73.75011739653225,Entire home/apt,74.0,1,0,46
1350831900774924999,Cozy Home in Heart of Albany,677372979,Celia,TWELFTH WARD,42.68507834404223,-73.79764015056868,Entire home/apt,126.0,7,2,195
1350872245042831459,Capital City Escape,10279606,Noriyuki,FIFTEENTH WARD,42.67003713546928,-73.82302715231661,Entire home/apt,159.0,1,14,326
1355026548513364492,Traveler‚Äôs Haven!,413566290,Victoria,NINTH WARD,42.655400645597446,-73.79756712300808,Private room,57.0,2,1,73
1358581858384454275,Two bedroom apartment in Albany,32379616,Fabiola,THIRD WARD,42.66526304906058,-73.76716070107956,Entire home/apt,76.0,28,0,335
1363867065584533091,A piece of mind,650062372,Mataiya,THIRTEENTH WARD,42.66891,-73.79096,Entire home/apt,166.0,1,0,0
1365428503448527322,"Modest (Non Smoking) 2 bed/1 Bath, 2nd Floor Apt",664328482,Oluyinka,SECOND WARD,42.6436654,-73.7536006,Entire home/apt,103.0,1,16,335
1366933239765507591,Vacation Home in Albany,680411288,Stephanie,EIGHTH WARD,42.64533014600323,-73.789131045637,Entire home/apt,257.0,1,7,296
1369127908322228929,Capital Comfort Stay,584109093,Cecilia,FOURTH WARD,42.66159372265361,-73.75439956511829,Entire home/apt,112.0,1,2,354
1369768924474303403,Near Hospitals: Home w/ Yard in Albany!,121680792,Evolve,FIRST WARD,42.63908453510391,-73.77307933512895,Entire home/apt,132.0,2,0,340
1371626040166892504,Central cozy quiet 4 bedroom w/King bed,20536619,Emily,TENTH WARD,42.66315402479468,-73.78910123743358,Entire home/apt,185.0,14,0,190
1371829070623409671,"Walk to Albany Med, MVP Arena, Washington Park",265861488,Vander,SIXTH WARD,42.65040602684423,-73.76433185078635,Entire home/apt,72.0,1,5,293
1375007693720508441,A peaceful home away from home,385963105,Samantha,FOURTEENTH WARD,42.66598411229728,-73.81880097091198,Entire home/apt,128.0,7,0,88
1376989617162173438,Cozy Sunshine,233515764,Etem,SEVENTH WARD,42.64764408604364,-73.7715925383664,Entire home/apt,74.0,1,1,113
1377446918025263146,Woodlands private queen room,20536619,Emily,TENTH WARD,42.66148231183373,-73.78761856260732,Private room,51.0,28,0,43
1377471842094741150,Bright private queen room,20536619,Emily,TENTH WARD,42.66310642184764,-73.78716159656459,Private room,52.0,28,0,71
1377480167938312156,"Peony room, private w/ King bed!",20536619,Emily,TENTH WARD,42.66183099633526,-73.78755056940085,Private room,53.0,28,0,115
1377916686119912961,Furnished brand new studio,26674574,Zainab,TWELFTH WARD,42.6868252,-73.8111413,Entire home/apt,64.0,3,1,280
1379906377578749938,Cozy Sunset,233515764,Etem,SEVENTH WARD,42.64626119280813,-73.7715113891403,Entire home/apt,74.0,1,5,301
1380555997747082021,Luxury Albany Hotel with Pool & Breakfast,466790114,Zohar,ELEVENTH WARD,42.6800233833328,-73.78522330726621,Private room,51.0,1,1,363
1381163571420241600,Albany 2BR Home Close to Downtown W/Free Breakfast,466790114,Zohar,ELEVENTH WARD,42.68231684583981,-73.7836715628194,Entire home/apt,49.0,1,3,352
1383910626115273822,Blush large private queen room,20536619,Emily,TENTH WARD,42.66317303594558,-73.78912755444637,Private room,51.0,28,0,159
1390171272060324410,New Large Bedroom! Has Parking!,55596850,Alain,NINTH WARD,42.66002,-73.79333,Private room,37.0,30,0,265
1393472438317281309,Cozy Albany Suite Close to downtown W/breakfast.,466790114,Zohar,ELEVENTH WARD,42.67776,-73.78216,Entire home/apt,55.0,1,1,364
1393482542585537728,Albany Cozy Suite Next to downtown W/breakfast,466790114,Zohar,FIFTH WARD,42.67652148547361,-73.78111383843994,Entire home/apt,50.0,1,1,364
1393489507693048211,Albany 2BR Stay Close to Downtown W/Breakfast,466790114,Zohar,ELEVENTH WARD,42.6774277859628,-73.78242873068034,Entire home/apt,45.0,1,0,358
1393634713342137582,Albany stylish 2BR Room with breakfast,466790114,Zohar,ELEVENTH WARD,42.67610273877896,-73.78233682651273,Entire home/apt,53.0,1,0,362
1393634936904017469,New Bedroom! Includes Parking!,55596850,Alain,NINTH WARD,42.659475284293904,-73.79368120012339,Private room,35.0,5,1,264
1393638070589049592,Albany Luxury 2BR Room with Breakfast & Pool,466790114,Zohar,FIFTH WARD,42.67651022767566,-73.78215501783329,Entire home/apt,65.0,1,0,364
1395631320915237453,Nice,594734396,Abdelrahman,SECOND WARD,42.64481160353397,-73.7577543183059,Private room,57.0,1,0,334
1395671676833912969,The Yellow Room with twin bed /tv,116935236,Felicisimo,THIRTEENTH WARD,42.669917189344,-73.78632927186241,Private room,36.0,2,0,355
1396921235971014566,New Bedroom Centrally Located! Parking & Laundry,55596850,Alain,FOURTEENTH WARD,42.661116057130855,-73.79408139551636,Private room,31.0,5,0,314
1402461183704514588,4 bedroom house in Albany,32379616,Fabiola,TENTH WARD,42.6605291,-73.7831549,Entire home/apt,129.0,28,0,363
1405327220192978468,Room near SUNY Albany,32379616,Fabiola,TENTH WARD,42.659903296506094,-73.78257397435888,Private room,44.0,28,0,363
1405768102601327206,Historic Studio and Great Eats,382970529,Thomas,SIXTH WARD,42.655450233068514,-73.76273815121087,Entire home/apt,80.0,3,0,160
