id,name,host_id,host_name,neighbourhood_group,neighbourhood,latitude,longitude,room_type,price,minimum_nights,number_of_reviews,last_review,reviews_per_month,calculated_host_listings_count,availability_365,number_of_reviews_ltm,license
2992450,Luxury 2 bedroom apartment,4621559,Kenneth,,THIRD WARD,42.65789,-73.7537,Entire home/apt,70,28,9,2022-08-17,0.07,1,32,0,
3820211,Restored Precinct in Center Sq. w/Parking,19648678,Terra,,SIXTH WARD,42.65222,-73.76724,Entire home/apt,102,2,308,2025-03-29,2.36,4,334,7,
5651579,Large studio apt  by Capital Center & ESP@,29288920,Gregg,,SECOND WARD,42.64615,-73.75966,Entire home/apt,75,2,371,2025-02-16,3.05,2,6,28,
6623339,Center Sq. Loft in Converted Precinct w/ Parking,19648678,Terra,,SIXTH WARD,42.65222,-73.76724,Entire home/apt,96,2,331,2025-02-09,2.74,4,305,16,
9005989,"Studio in The heart of Center SQ, in Albany NY",17766924,Sugey,,SIXTH WARD,42.65559,-73.76506,Entire home/apt,88,1,617,2025-04-13,5.80,1,167,29,
9501054,Spacious suite with full bath by Capital  Center,29288920,Gregg,,SECOND WARD,42.64734,-73.75851,Private room,52,1,415,2025-04-25,3.69,2,52,36,
10768745,Alb hospital area studio bath wifi. (Red),5691268,Elizabeth,,FOURTEENTH WARD,42.66078,-73.80553,Private room,47,1,782,2025-04-14,6.95,2,144,132,
11253948,/Fire Place Bungalow\ 1917 SUNY Eagle 6Beds 2Baths,4259750,Peter,,FIFTEENTH WARD,42.67567,-73.82438,Entire home/apt,213,1,185,2025-04-16,1.70,9,327,31,
11639446,$55twin($30 foreign student)FreeBF Noa/c no smoke,61700428,Abdullah,,ELEVENTH WARD,42.67583,-73.78297,Private room,55,15,231,2024-02-29,2.13,2,365,0,
12284708,"Well Lit Modern Room, Perfect Location Albany",36438637,Chad,,TENTH WARD,42.65912,-73.78349,Private room,41,18,61,2019-10-26,0.56,4,243,0,
12799126,Private Room in the Hearth of the Albany,69729286,Musab,,SIXTH WARD,42.65154,-73.76867,Private room,47,5,28,2024-02-06,0.49,2,273,0,
13083497,Pristine Cape Cod on the Creek - 4 Large Bedrooms,1364123,Akhilesh,,FIFTEENTH WARD,42.66972,-73.82753,Entire home/apt,219,2,188,2025-04-27,1.75,1,311,13,
14316232,"Unique Modern Room, Perfect Location Albany",36438637,Chad,,TENTH WARD,42.65726,-73.78219,Private room,45,18,53,2025-04-05,0.50,4,365,5,
14989805,/Miller Colonial\ 1946 SUNY Eagle Hill 5Bed 2Baths,4259750,Peter,,FIFTEENTH WARD,42.673512,-73.819679,Entire home/apt,192,1,113,2025-04-06,1.10,9,333,27,
15580397,Women only Alb Medical/Dtwn Albany/Colleges ROOM H,89705052,Share,,NINTH WARD,42.65651,-73.77887,Private room,53,2,48,2025-02-27,0.50,2,92,8,
16531782,On a little park in Albany pine hills. (Blue),5691268,Elizabeth,,FOURTEENTH WARD,42.66075,-73.80605,Private room,60,1,484,2025-03-05,8.06,2,316,103,
17238066,"$53($25 foreign student)Twin, noa/cno
Smoke freeBF",61700428,Abdullah,,FIFTH WARD,42.67614,-73.78169,Private room,,15,132,2024-08-01,1.35,2,364,1,
17514620,Cozy Modern Room Perfect Location Albany,36438637,Chad,,TENTH WARD,42.6584,-73.78309,Private room,41,18,56,2024-11-02,0.57,4,361,2,
18341426,/Sauna Ranch 1961\ SUNY Eagle Hill 4Beds 1Bath,4259750,Peter,,FIFTEENTH WARD,42.67637,-73.82395,Entire home/apt,376,1,58,2024-08-13,0.67,9,365,1,
19527043,Charming 1 Bedroom in a Historic Residential Home,15223767,Ed,,NINTH WARD,42.65312,-73.78161,Private room,70,1,82,2024-09-17,1.03,3,224,11,
19571496,Modern Studio Perfect Location Albany,36438637,Chad,,TENTH WARD,42.6585,-73.78414,Private room,45,18,30,2025-03-08,0.36,4,267,3,
20519885,5Bedroom In Albany 8Year SuperHost,67171774,Michael And Flerida,,FOURTEENTH WARD,42.65846,-73.80201,Entire home/apt,290,3,110,2025-04-15,1.21,1,335,14,
20620135,/Red Warhol Ranch\ 1959 SUNY Eagle Hill 4beds1Bath,4259750,Peter,,FIFTEENTH WARD,42.675,-73.82382,Entire home/apt,148,1,74,2025-04-17,0.81,9,357,19,
20633175,"Garden Apartment, on the Park, close to Capital.",65414985,James,,SEVENTH WARD,42.64939,-73.76865,Entire home/apt,116,2,131,2024-05-12,1.51,2,328,1,
20671966,The Metropolitan,98744672,Bela,,NINTH WARD,42.65532,-73.78244,Entire home/apt,68,2,47,2025-03-14,0.51,8,229,8,
21052414,Cozy bedroom with (2) walk-in closets,135717458,Chad,,THIRTEENTH WARD,42.66565,-73.77975,Private room,36,18,45,2025-03-13,0.54,3,312,5,
21392315,The Blair Suite,98744672,Bela,,NINTH WARD,42.65372,-73.78244,Entire home/apt,60,2,127,2025-04-14,1.40,8,229,14,
21449583,/zBig Blue Ranch\ 1962 SUNY Eagle Hill 4Beds 2Bath,4259750,Peter,,FIFTEENTH WARD,42.67547,-73.82402,Entire home/apt,582,4,8,2018-07-27,0.09,9,365,0,
21752534,"NEW LISTING! Modern, completely updated, LOCATION!",152762198,Allen,,TENTH WARD,42.66045,-73.77833,Entire home/apt,70,3,180,2025-04-10,1.99,9,349,17,
21769213,Cozy downstairs bedroom in quiet neighborhood!,135717458,Chad,,ELEVENTH WARD,42.66572,-73.77834,Private room,32,18,32,2025-02-28,0.36,3,271,8,
21769439,Cozy upstairs room with (1) walk-in closet,135717458,Chad,,ELEVENTH WARD,42.66703,-73.77842,Private room,35,18,26,2025-01-24,0.29,3,348,4,
22398196,Elegant Guest Suite in our beautiful Victorian!,98744672,Bela,,NINTH WARD,42.65501,-73.78122,Private room,54,2,121,2025-04-11,1.36,8,307,16,
24120690,One Bedroom apartment with private entrance,156446839,Domini,,FOURTEENTH WARD,42.65975,-73.81196,Private room,68,2,122,2024-09-07,1.43,1,44,1,
24606880,The Western Suite,98744672,Bela,,NINTH WARD,42.65431,-73.78178,Private room,54,2,49,2025-04-25,0.61,8,315,8,
25549565,Quiet and Pretty in the Heart of Center Square,9666970,Janet,,SIXTH WARD,42.65345,-73.7645,Entire home/apt,73,1,916,2025-04-28,10.90,1,123,117,
25976514,City Feel - Green Room,31757246,Leiba,,SIXTH WARD,42.65333,-73.77293,Private room,93,3,14,2024-12-01,0.17,1,359,2,
26139592,Garden Apartment in Ctr. Square: Monthly Discounts,6833937,Farah,,SIXTH WARD,42.65403,-73.76325,Entire home/apt,81,2,137,2025-03-22,1.67,1,327,25,
27670660,The Rock & Roll Suite,98744672,Bela,,NINTH WARD,42.6543083190918,-73.78177642822266,Private room,54,2,26,2024-10-15,0.35,8,310,3,
27692601,Albany Cozy home with fireplaces and Sunroom,202580880,Rosanne,,EIGHTH WARD,42.64514,-73.80668,Entire home/apt,250,3,14,2022-10-08,0.18,1,176,0,
28341274,Private room in historic building on the park,54394342,Alice,,SIXTH WARD,42.65821,-73.76917,Private room,75,1,92,2025-03-13,1.14,1,353,30,
28400263,Private Room in Historic Residential Home,15223767,Ed,,NINTH WARD,42.65464,-73.78348,Private room,50,1,269,2025-04-11,3.42,3,59,24,
28722270,‚úçHistoric Loft Suite @ Downtown Albany,44434571,Earl,,SECOND WARD,42.64535,-73.75365,Entire home/apt,69,1,687,2025-04-18,8.77,9,340,58,
28868857,‚≠êCozy Garden Suite Full Amenities @Downtown Albany,44434571,Earl,,SECOND WARD,42.64535,-73.75365,Entire home/apt,56,1,617,2025-04-26,7.94,9,334,62,
28929840,"Spacious
private suite and private bath",194113768,Rachel,,FOURTH WARD,42.6737,-73.75313,Private room,70,1,7,2024-06-09,0.09,1,143,1,
29605579,Funky Urban 1 Bedroom Apt w/ Parking in Center Sq,19648678,Terra,,SIXTH WARD,42.65235,-73.76714,Entire home/apt,90,2,104,2025-04-21,1.32,4,347,14,
30189794,Seashore Suite At The Inn on South Lake,98744672,Bela,,NINTH WARD,42.6533,-73.78114,Private room,59,2,68,2024-05-19,0.89,8,306,3,
31210362,Nest in Hazel,160340958,Jon,,FIFTEENTH WARD,42.67519,-73.82281,Private room,47,2,31,2025-03-23,0.40,1,365,4,
32279028,"Cosy, comfy and quiet for one",172223381,Diana,,EIGHTH WARD,42.64936,-73.80278,Private room,54,1,212,2025-03-05,2.81,2,13,13,
32450400,Moroccan Sands,97330032,Sherrell,,FOURTH WARD,42.6761,-73.73825,Private room,104,3,1,2024-10-28,0.16,1,179,1,
32993402,‚ú®Historic Full Amenities 2BR Apt @Downtown Albany,44434571,Earl,,SECOND WARD,42.64563,-73.75311,Entire home/apt,,1,443,2025-04-24,5.95,9,345,39,
33558235,"Historic, Spacious & Fun 2BR Apt @ Downtown Albany",44434571,Earl,,SECOND WARD,42.64585,-73.75297,Entire home/apt,86,1,451,2025-04-28,6.14,9,345,45,
34330970,Muhammed Ali Lounge & Pool Hall ‚¨¢‚¨°,232967878,Diana,,SECOND WARD,42.64335,-73.7579,Entire home/apt,124,1,314,2025-04-06,4.37,22,62,47,
35793179,Cozy Bedroom in Historic Residential Home,15223767,Ed,,SEVENTH WARD,42.65259,-73.78223,Private room,50,1,193,2025-02-26,2.73,3,226,40,
35914565,The Poker Room ‚ô§ Downtown Albany,232967878,Diana,,SECOND WARD,42.64506,-73.75727,Entire home/apt,114,1,306,2025-03-03,4.31,22,66,32,
36443605,Sophisticated Retreat: 2BR in heart of Albany,188679144,Elizabeth,,THIRTEENTH WARD,42.66619,-73.79031,Entire home/apt,92,2,54,2024-08-14,0.77,8,303,2,
38321579,Comfy and quiet,172223381,Diana,,EIGHTH WARD,42.65085,-73.80239,Private room,53,1,408,2025-05-01,5.94,2,133,99,
39093517,Center Square Safe 2 Bedroom Long  Stay w/ Parking,299638115,Flerida,,SIXTH WARD,42.65507,-73.76138,Entire home/apt,121,2,41,2024-08-24,0.62,3,355,2,
39698576,Spacious Designer 1-Bed Near Albany Med,188679144,Elizabeth,,NINTH WARD,42.65483,-73.78033,Entire home/apt,78,5,24,2025-04-14,0.36,8,365,1,
40491172,"Renovated, private parking,location, washer dryer!",152762198,Allen,,THIRTEENTH WARD,42.66827,-73.79231,Entire home/apt,92,3,128,2025-04-07,1.95,9,280,22,
40828178,Comfortable! One Bedroom A/C Apartment Queen Bed,47491906,Lloyd,,FOURTH WARD,42.67773,-73.73899,Entire home/apt,117,1,173,2025-02-16,2.68,1,66,7,
41319631,Modern Carriage in the Heart of Albany,59864591,Daniel,,SIXTH WARD,42.65115,-73.7668,Entire home/apt,97,30,4,2023-01-06,0.08,1,304,0,
42009788,Center Square Sanctuary: Private 2-Bedroom Gem,188679144,Elizabeth,,SIXTH WARD,42.65315,-73.76202,Entire home/apt,88,7,24,2024-12-24,0.38,8,355,2,
42092736,Private Bedroom in Cozy Ranch Home,41400541,John,,FOURTEENTH WARD,42.66403,-73.81446,Private room,52,1,187,2025-02-15,2.95,1,59,35,
42391372,Central Albany Apartment: Walk to State Capitol!,121680792,Evolve,,SECOND WARD,42.646460369890725,-73.75809779338547,Entire home/apt,,3,27,2022-10-27,0.46,6,7,0,
42567833,Homey,339085327,Arkady,,NINTH WARD,42.65567,-73.7854,Entire home/apt,160,70,0,,,1,365,0,
42763847,Charming dog friendly home with private yard!,649068,Anthony,,FIRST WARD,42.63876,-73.78535,Entire home/apt,102,1,111,2025-04-12,1.81,1,148,17,
43208391,Classic & Homey 2BD/1BA Fl 2 Apt @ Downtown Albany,272907816,Angela,,SECOND WARD,42.64453,-73.75426,Entire home/apt,91,2,107,2025-04-14,1.91,2,80,22,
43459803,Luxury 1 bedroom Apt in the heart of Center Square,299638115,Flerida,,SIXTH WARD,42.65556,-73.76205,Entire home/apt,122,2,18,2025-02-24,0.35,3,340,2,
43736299,*The Blue House* Incredible 3 Bedroom Apartment,349460842,Scott,,TENTH WARD,42.66257,-73.78281,Entire home/apt,,1,131,2024-10-28,2.23,17,0,17,
43955950,* Quaint home located in residential neighborhood*,232967878,Diana,,EIGHTH WARD,42.64383,-73.78926,Entire home/apt,248,2,91,2024-11-30,1.55,22,27,18,
44180048,Historic Queen Studio Across from Washington Park!,355777684,Lloyd,,SIXTH WARD,42.65935,-73.76805,Entire home/apt,99,1,367,2025-04-14,6.29,3,298,35,
44265426,Parkside Queen 1 Bedroom (1800's) Brownstone!,355777684,Lloyd,,SIXTH WARD,42.66006,-73.76966,Entire home/apt,108,1,301,2025-04-04,5.20,3,333,11,
44450012,Spacious upscale luxury apartment with huge yard,353498132,Michael,,EIGHTH WARD,42.64808,-73.7996,Entire home/apt,146,13,26,2024-11-26,0.46,6,241,3,
45024912,Private Apt Queen 1 Bed Sanctuary with many Extras,362851072,Elsa,,FOURTEENTH WARD,42.66132,-73.7956,Entire home/apt,142,1,129,2025-01-12,2.26,1,288,6,
45074220,Secluded Studio Suite Fl 3 @ Downtown Albany,272907816,Angela,,SECOND WARD,42.64454,-73.75369,Entire home/apt,70,1,35,2025-04-19,0.79,2,70,5,
45313545,Adorable & Trendy 1 Bd Apt Minutes to Albany Med!,165293595,Kori,,NINTH WARD,42.6545,-73.78223,Entire home/apt,85,2,151,2025-04-10,2.73,1,167,32,
45528939,UNIQUE Gem in HEART of Albany ‚òÖ Spiral Staircase,47625981,Linda,,SECOND WARD,42.64801,-73.75668,Entire home/apt,108,1,99,2025-02-16,1.91,18,209,10,
45529316,WOW ‚òÖ Bright Apt ‚òÖ PRIME downtown Walk Everywhere,47625981,Linda,,SECOND WARD,42.64821,-73.75793,Entire home/apt,108,1,120,2025-03-16,2.31,18,340,19,
45529447,‚òÖ 2 BEDROOM / 1 BATH TRENDY Apt ‚òÖ Downtown Albany,47625981,Linda,,SECOND WARD,42.64713,-73.75628,Entire home/apt,117,1,144,2025-04-21,2.79,18,222,21,
46894493,Our Antique Bungalow,69789449,Dan,,NINTH WARD,42.65311,-73.78525,Entire home/apt,152,1,250,2025-04-28,4.85,1,277,39,
47334913,"Newly renovated,Amazing Location,private parking",152762198,Allen,,THIRTEENTH WARD,42.66646,-73.79184,Entire home/apt,93,3,92,2025-03-27,1.78,9,134,28,
47345872,Bright large 1 bdr loft in Center Sq -free parking,19648678,Terra,,SIXTH WARD,42.65345,-73.76663,Entire home/apt,96,1,62,2025-04-13,1.20,4,341,14,
47408047,"Quiet cozy apartment, private laundry, great spot!",152762198,Allen,,FOURTEENTH WARD,42.67156,-73.80883,Entire home/apt,79,3,70,2025-04-27,1.37,9,308,21,
47440071,The Historic J. Buel Farmhouse - Luxury Suite Loft,382970529,Thomas,,THIRTEENTH WARD,42.6692,-73.79849,Private room,92,1,167,2025-04-20,3.20,14,54,48,
47828453,Center Square Albany 2BR Apt w/Parking near all,299638115,Flerida,,THIRD WARD,42.656,-73.76123,Entire home/apt,122,2,21,2025-02-27,0.41,3,358,3,
47902629,"Renovated 2br/2ba, close to Alb Med & St. Petes.",21886921,David,,THIRTEENTH WARD,42.66744,-73.79216,Entire home/apt,112,14,8,2024-12-05,0.16,2,325,1,
47943571,Downtown Albany 1 Bed + Workstation @ Maiden Lane,385664127,Dillon,,THIRD WARD,42.65118,-73.75274,Entire home/apt,92,2,166,2025-04-29,3.24,2,249,29,
48052353,*The Rustic Home* 3 Bedroom Second Floor Apartment,349460842,Scott,,TENTH WARD,42.66261,-73.78332,Entire home/apt,170,1,164,2025-04-05,3.19,17,353,18,
48124042,Downtown Albany 2 Bedroom + Workstation @ The Mark,385664127,Dillon,,THIRD WARD,42.64982,-73.7509,Entire home/apt,,1,223,2025-04-27,4.90,2,142,38,
48172884,The Down Under Suite,98744672,Bela,,NINTH WARD,42.65399,-73.78126,Private room,41,2,76,2025-03-06,1.50,8,306,20,
48470454,"/ New Giant Victorian \ 7beds 6 baths + 2x 85"" TVs",4259750,Peter,,THIRTEENTH WARD,42.66526412963867,-73.78692626953125,Entire home/apt,445,2,43,2025-04-11,1.27,9,333,13,
48599533,Capital View I,392074908,Jerry,,SIXTH WARD,42.65429,-73.75986,Entire home/apt,93,2,100,2024-08-01,2.20,4,173,2,
50088935,Quiet 2-bedroom condo in the heart of Albany,172658781,Jessica,,THIRTEENTH WARD,42.66972,-73.79544,Entire home/apt,95,60,4,2022-11-30,0.09,2,294,0,
50171851,Beautiful Center Square Garden-Level Unit,48490017,Todd,,SIXTH WARD,42.65157,-73.76546,Entire home/apt,77,2,186,2025-04-28,4.11,1,126,35,
50207226,‚òÖ RARE 1BR Apt with Character GREAT Location! W/D‚òÖ,47625981,Linda,,FOURTH WARD,42.65888,-73.74673,Entire home/apt,104,1,85,2025-03-09,1.79,18,229,12,
50211226,Cozy Studio By Washington Park | Walkable!,105597161,Katelyn,,ELEVENTH WARD,42.66034,-73.77163,Entire home/apt,105,2,181,2025-04-27,4.45,1,38,26,
50354540,Heart of Center Square: Designer 2-Bed Retreat,188679144,Elizabeth,,SIXTH WARD,42.65333,-73.76402,Entire home/apt,101,3,15,2025-03-19,0.32,8,326,6,
50639032,"Sunny Queen bed, Quiet w/Beautiful Garden",172539578,David Yisrael,,FIFTEENTH WARD,42.67945,-73.81647,Private room,44,3,45,2024-12-06,1.03,3,76,8,
50890336,"‚òÖCHIC, Renovated Brownstone‚òÖ in PRIME DT Albany",47625981,Linda,,FOURTH WARD,42.65901,-73.74748,Entire home/apt,108,1,45,2024-07-25,0.98,18,211,6,
51230498,"Chic-romantic, center-city, hotel-style apartment.",414738935,Sonya,,THIRD WARD,42.66064,-73.76074,Entire home/apt,,1,255,2025-04-16,5.55,1,0,39,
51461480,üçÉChic & Cozy Near Washington Park Garden Suite,416799784,Rosie,,TENTH WARD,42.65969,-73.77564,Entire home/apt,99,7,28,2025-04-21,0.65,1,119,7,
51503537,Walk to Everything Downtown Albany! Luxury Apt!,394420519,All Seasons,,THIRD WARD,42.65061,-73.75006,Entire home/apt,100,4,9,2024-09-09,0.20,1,180,1,
51579900,‚òÖMODERN 1BR GREAT Location Downtown! W/D Parking!‚òÖ,47625981,Linda,,FOURTH WARD,42.65856,-73.74866,Entire home/apt,99,1,75,2025-03-22,1.66,18,231,7,
51592836,Lovely 1 Bedroom Unit In Historic Brownstone!,60293220,David,,THIRD WARD,42.65844,-73.74978,Entire home/apt,89,2,88,2025-01-01,2.03,3,356,13,
51710034,Empire Plaza View I,392074908,Jerry,,SIXTH WARD,42.65269,-73.76076,Entire home/apt,86,2,41,2025-03-09,0.92,4,358,7,
51960331,"Tuscan Garden Apt at Caf√© Capriccio Albany, NY",418024477,Marlene,,SECOND WARD,42.64684,-73.75614,Entire home/apt,100,1,111,2025-03-23,2.52,1,166,28,
51964868,Center Square,392074908,Jerry,,SIXTH WARD,42.65442,-73.7611,Entire home/apt,90,2,52,2023-10-15,1.17,4,357,0,
52152157,"Modern space, everything you could want!",152762198,Allen,,FIRST WARD,42.63066,-73.77357,Entire home/apt,100,3,67,2025-04-13,1.53,9,131,16,
52241973,Garden Apartment in Historic Center Square Home,35465673,Jason,,SIXTH WARD,42.65641,-73.76413,Entire home/apt,75,1,307,2025-04-06,7.12,1,66,82,
52611613,* Adorable home w/parking near great restaurants *,232967878,Diana,,NINTH WARD,42.65674,-73.79221,Entire home/apt,148,2,131,2025-03-31,3.03,22,224,24,
52619545,* Centrally located Eclectic vibe 2 bed w/parking,232967878,Diana,,THIRTEENTH WARD,42.67102,-73.79454,Entire home/apt,106,2,87,2025-03-16,2.00,22,61,15,
52691284,+ Perfect place to make memories with loved ones +,232967878,Diana,,TENTH WARD,42.66236,-73.79245,Entire home/apt,475,2,85,2025-03-01,1.97,22,64,20,
52836323,*Hidden gem w/in walking distance to Madison Ave *,232967878,Diana,,THIRTEENTH WARD,42.67242,-73.79292,Entire home/apt,120,1,85,2024-11-16,2.08,22,49,19,
52837196,‚òÖMODERN 1BR Apt w/ PRIVATE deck! W/D‚òÖ,47625981,Linda,,FOURTH WARD,42.65812,-73.74837,Entire home/apt,104,1,73,2025-04-14,1.70,18,229,10,
52863776,Washington Parkside 1 Bedroom In 1800s Brownstone!,355777684,Lloyd,,SIXTH WARD,42.65826,-73.76944,Entire home/apt,111,1,200,2025-04-27,4.68,3,316,42,
52923647,Cozy 3BR House in Whitehall near DT Albany,428451585,Erwin,,EIGHTH WARD,42.64792,-73.79953,Entire home/apt,225,3,0,,,1,365,0,
53312101,* 1 bed near Times Union center & Egg w/parking *,232967878,Diana,,SECOND WARD,42.64369,-73.7581,Entire home/apt,76,2,58,2025-04-04,1.38,22,58,10,
53483727,Spacious Urban APT w/4BR & Office in Albany,433096110,Brian,,FOURTEENTH WARD,42.65824,-73.80114,Entire home/apt,205,1,158,2025-04-16,3.90,3,223,43,
53567589,Private Garden Apt in Downtown Albany|Pets Allowed,433096110,Brian,,SIXTH WARD,42.65204,-73.76655,Entire home/apt,98,1,261,2025-04-20,6.33,3,342,65,
53645427,‚òÖ BEAUTIFUL  2 BED 2 BATH  w/ SOAKER TUB + W/D‚òÖ,47625981,Linda,,FOURTH WARD,42.65913,-73.74722,Entire home/apt,135,1,116,2025-03-17,2.81,18,204,31,
53860077,/ Sauna Garden Getaway\ 1943 SUNY Eagle Hill,4259750,Peter,,FIFTEENTH WARD,42.674675,-73.822861,Entire home/apt,,1,40,2025-04-14,1.05,9,338,19,
53971505,Charming 1 Bdrm Garden Apt in Historic Brownstone,60293220,David,,FOURTH WARD,42.65873,-73.7494,Entire home/apt,,13,3,2022-12-31,0.08,3,365,0,
54097694,B Unieke,438504176,Roland,,SECOND WARD,42.64683,-73.75662,Entire home/apt,300,1,0,,,1,365,0,
54126420,Beautiful 1 bedroom in a quiet residential area.,37769478,Erion,,TENTH WARD,42.66261,-73.79026,Entire home/apt,82,1,103,2025-04-24,2.93,11,364,29,
54126421,Beautiful Apartment in the heart of Albany,37769478,Erion,,SIXTH WARD,42.65422,-73.76996,Entire home/apt,95,1,69,2025-03-12,1.83,11,182,9,
54126427,Beautiful 1 bedroom In the heart of Albany,37769478,Erion,,SIXTH WARD,42.65403,-73.77056,Entire home/apt,94,1,130,2025-04-07,3.22,11,328,28,
54128829,Modern & Cozy Cntr Square Townhouse Gem from 1854,265709295,Priscela,,SIXTH WARD,42.65594,-73.76591,Entire home/apt,139,1,241,2025-03-30,6.19,2,317,44,
54150131,Charming 170-Year-Old Home in the Heart of Albany,432936385,Jared,,SIXTH WARD,42.65143,-73.76497,Entire home/apt,158,1,214,2025-04-17,5.63,1,293,82,
54369238,"Cozy townhouse, close to hospital, free parking!",152762198,Allen,,NINTH WARD,42.65578,-73.78641,Entire home/apt,97,3,52,2025-04-27,1.64,9,143,21,
54369240,Lovely 1 bedroom rental close to Alb Med!,152762198,Allen,,TENTH WARD,42.65905,-73.77964,Entire home/apt,77,3,53,2025-03-31,1.48,9,322,12,
559249822516788574,Cozy 1 bedroom with office and luxurious King size,433884293,Uniah,,NINTH WARD,42.66062,-73.79112,Entire home/apt,68,6,2,2023-06-26,0.06,1,363,0,
563711706943869398,/Purple Potty Penthouse\ 1928 Pine Hill 4Bed 1Bath,4259750,Peter,,THIRTEENTH WARD,42.66919,-73.78672,Entire home/apt,,2,9,2024-10-19,0.23,9,363,3,
581057744765912905,‚óÜUNIQUE‚óÜ spacious LOFT with photo studio w/d!,47625981,Linda,,THIRD WARD,42.65848,-73.76359,Entire home/apt,92,1,45,2025-03-23,1.18,18,357,6,
588298411730694861,Modern one bedroom with free off street parking,353498132,Michael,,SECOND WARD,42.64441,-73.75647,Entire home/apt,118,13,13,2024-11-09,0.37,6,268,3,
593272120497643087,The Historic J. Buel Farmhouse - Luxury Suite,382970529,Thomas,,THIRTEENTH WARD,42.66911,-73.79869,Private room,88,1,119,2025-04-21,3.46,14,55,25,
597655328370142613,Newly refurbished 2 bedroom close to Lark,30920241,Miri,,SIXTH WARD,42.65314,-73.76787,Entire home/apt,,60,11,2024-10-28,0.30,2,0,3,
617242073954595468,Iconic City Center Apt in Downtown | Pets Allowed,433096110,Brian,,SIXTH WARD,42.65353,-73.7679,Entire home/apt,98,1,171,2025-04-27,4.70,3,326,47,
618673322156725003,"Huge loft with a king bed, balcony and park views",2554853,Nim,,SIXTH WARD,42.655479431152344,-73.76625061035156,Entire home/apt,136,5,8,2025-02-18,0.26,1,267,2,
619695112394148331,Modern luxury one bedroom with off street parking,353498132,Michael,,SECOND WARD,42.64489,-73.75731,Entire home/apt,133,13,10,2024-08-01,0.30,6,270,2,
620480926228934988,"Lovely renovated, 2-bedroom home with free parking",457678547,Najeem Adegbemiga,,SEVENTH WARD,42.640217,-73.780815,Entire home/apt,133,2,16,2024-07-22,0.49,1,150,1,
621960198566758900,The Historic Jesse Buel Farmhouse w/ Heated Pool,382970529,Thomas,,FOURTEENTH WARD,42.66762,-73.79919,Entire home/apt,882,1,15,2025-02-06,0.44,14,337,8,
628163387057233327,‚òÖSPACIOUS 1BR Apt w/ Character 10ft Ceilings W/D!‚òÖ,47625981,Linda,,SECOND WARD,42.64528,-73.75861,Entire home/apt,,1,55,2025-03-14,1.56,18,229,14,
628824127129967353,Clean lines and accessible Convenient Location!,7164949,Jordan,,THIRD WARD,42.66169974831227,-73.76466827605744,Private room,58,2,0,,,1,88,0,
631035244220396236,‚òÖPRIVATE 1 BDRM Newly Renovated Apt W/D Patio‚òÖ,47625981,Linda,,SECOND WARD,42.64558,-73.75928,Entire home/apt,98,1,55,2025-01-17,1.54,18,339,13,
634108143238179968,Perfect for Families and Traveling Professionals,119340359,Lori,,SIXTH WARD,42.65323,-73.76797,Entire home/apt,,30,101,2024-07-28,2.85,2,0,8,
638900897313146306,ü™¥ Historic & Homey 1 Bdrm Apt @ Downtown Albany,335923036,Mohammed,,SECOND WARD,42.645351,-73.753647,Entire home/apt,1050,1,10,2023-08-26,0.28,1,365,0,
649973892551492641,Modern luxury studio with free off street parking,353498132,Michael,,SECOND WARD,42.64625,-73.75663,Entire home/apt,90,14,8,2024-11-26,0.24,6,46,3,
653433851241162365,Lovely apartment in heart of Albany,1761578,Grant,,SIXTH WARD,42.65389,-73.76538,Entire home/apt,,2,6,2024-10-21,0.23,3,2,3,
654302747324294105,‚òÖ Private 1 bdrm w/ backyard access ‚òÖ In-unit W/D,47625981,Linda,,FOURTH WARD,42.65752,-73.74743,Entire home/apt,104,1,51,2024-12-01,1.50,18,336,10,
658160753231817095,Lovely artist 1 bedroom apartment close to LARK,30920241,Miri,,SIXTH WARD,42.65128,-73.7686,Entire home/apt,,28,1,2024-06-28,0.10,2,0,1,
658638185191740358,CHEERFULL 3 BEDROOM HOME WITH FREE PARKING.,466389096,Patrice,,FIRST WARD,42.6374547,-73.7716647,Entire home/apt,140,7,5,2023-09-22,0.15,2,274,0,
662132809952482192,Beautiful 4 bedroom house Large eat in kitchen,466389096,Patrice,,FIRST WARD,42.6378819,-73.7715269,Entire home/apt,125,7,2,2024-08-12,0.06,2,334,1,
667644674529935702,Pied-a-terre albany,439560254,Sean,,SIXTH WARD,42.65541380925019,-73.76367520540953,Entire home/apt,,2,100,2025-04-27,2.98,1,144,27,
668608096674070882,The Historic J. Buel Farmhouse-  Rose Feather Room,382970529,Thomas,,FOURTEENTH WARD,42.66758,-73.7992,Private room,60,1,130,2025-03-29,3.81,14,58,32,
668608486588067880,The Historic J. Buel Farmhouse - Silk Hearth Room,382970529,Thomas,,FOURTEENTH WARD,42.66764,-73.79908,Private room,63,1,111,2025-04-15,3.27,14,59,27,
677623197606854496,**New Listing! Modern 2 bdrm Apt in Mansion Area!,203631769,Johnny,,SECOND WARD,42.64531,-73.75963,Entire home/apt,,2,28,2023-09-29,0.85,1,0,0,
681952268271889535,Albany-2 bedrooms apt (1st fl) A&A-Sisters Rental,461579260,Md,,SECOND WARD,42.646896,-73.757612,Entire home/apt,140,1,3,2024-03-31,0.11,2,122,0,
687496906843024117,Albany-3 bedrooms apt (2nd fl) A&A-Sisters Rental,461579260,Md,,SECOND WARD,42.64621,-73.75723,Entire home/apt,156,1,4,2023-05-28,0.13,2,0,0,
689719338468663432,"Elegant, spacious studio apt in historic mansion",1717342,David,,SIXTH WARD,42.654057650371506,-73.76071299629517,Entire home/apt,83,1,249,2025-04-27,7.56,2,211,85,
692807914756117019,Relax in Style by Washington Park - Free Parking,67337944,Rabia,,ELEVENTH WARD,42.6623,-73.777,Entire home/apt,104,31,104,2025-02-23,3.64,1,118,25,
703551649845095095,Cozy Albany Home,3650672,Zuhair,,THIRTEENTH WARD,42.67075,-73.79704,Entire home/apt,162,3,3,2024-08-25,0.32,1,152,3,
704544922160063127,Cozy 1 Bedroom Apt in  desirable Albany locale,58406953,Nicholas,,THIRTEENTH WARD,42.67485,-73.79867,Entire home/apt,82,2,2,2022-10-16,0.06,1,80,0,
705660262559003663,Luxurious one bedroom with off-street parking,353498132,Michael,,SECOND WARD,42.64577,-73.7583,Entire home/apt,109,13,7,2025-01-20,0.25,6,282,3,
717373135846408345,Centrally located 2 bed w/ off street parking,232967878,Diana,,THIRTEENTH WARD,42.67261,-73.79262,Entire home/apt,142,1,63,2025-03-20,2.06,22,63,29,
723956857052424266,"Modern home, King Bed 4 bed 2bath, Crib, parking",10279606,Noriyuki,,NINTH WARD,42.65691,-73.78389,Entire home/apt,163,1,222,2025-04-21,7.42,3,217,83,
724566770267420045,Cozy Greenwood Flat (1 BDR Apartment in Albany),360287870,Mela,,SIXTH WARD,42.6513719,-73.7673156,Entire home/apt,101,2,61,2025-04-11,3.01,1,319,33,
733964865705013296,Historic 1 bed/ 1 bath,502037254,Andrew,,SIXTH WARD,42.65035,-73.76549,Entire home/apt,68,14,1,2023-03-26,0.04,3,285,0,
735879623743921266,Modern & Homey 1BD/1BA Fl 1 Apt @ Downtown Albany,44434571,Earl,,THIRD WARD,42.64564,-73.75261,Entire home/apt,75,1,75,2025-04-20,2.46,9,334,31,
737574278276037589,4 bed all on one floor,232967878,Diana,,TENTH WARD,42.66069,-73.78555,Entire home/apt,157,1,46,2025-03-02,1.53,22,38,12,
739722503092755616,Adirondack Suite #1,98744672,Bela,,NINTH WARD,42.6543178,-73.7818222,Private room,45,2,36,2025-02-17,1.18,8,287,13,
743600140734706394,Cozy apartment 2min walk to Albanymed office space,484673863,Michaela,,NINTH WARD,42.65569,-73.77685,Entire home/apt,82,2,16,2025-04-13,0.56,3,315,11,
744430701454304507,"1 Bedroom on Lincoln Park, near Lark and Downtown",65414985,James,,SEVENTH WARD,42.6496,-73.76792,Entire home/apt,77,2,29,2025-04-13,1.16,2,328,19,
750748704706045644,Clean Escape- Centrally located- Self Check-In,255839958,Kira,,SEVENTH WARD,42.64284,-73.77997,Entire home/apt,106,1,17,2024-08-06,0.57,1,310,3,
751421033442627559,Modern- Cozy Center City 2 Bedroom Apartment Style,486073806,Keneisha,,FIFTH WARD,42.66648,-73.76831,Entire home/apt,115,2,27,2025-02-16,1.01,1,355,11,
752118894541630543,Cozy luxury brownstone w/ parking & yard,258664571,Vorakij,,SECOND WARD,42.64439384900326,-73.75975701534425,Entire home/apt,125,2,83,2025-04-18,3.12,2,327,37,
752337379205662422,Penthouse Brownstone w/ luxury amenities,258664571,Vorakij,,SECOND WARD,42.6444412,-73.75971410000001,Entire home/apt,113,2,86,2025-04-16,3.45,2,350,51,
756752556396798800,Private Room in the Center of the Albany,69729286,Musab,,SIXTH WARD,42.65259,-73.76732,Private room,47,5,17,2025-02-27,0.60,2,209,2,
757342235277207834,Elegant Studio in Center Square,188679144,Elizabeth,,SIXTH WARD,42.65534,-73.76461,Entire home/apt,63,7,14,2025-03-31,0.47,8,336,2,
757978037279611051,Charming location near universities & hospital,232967878,Diana,,THIRTEENTH WARD,42.67261,-73.79262,Entire home/apt,105,2,49,2025-04-06,1.84,22,52,22,
761141715827746314,"Great place in the heart of Albany, with Parking",37769478,Erion,,SIXTH WARD,42.65405,-73.76953,Entire home/apt,89,1,44,2024-09-28,1.52,11,272,15,
764508866835218670,Rest+Restore Room ‚Ä¢ Short & Extended Stay ‚Ä¢,6203319,Melissa,,TENTH WARD,42.66117,-73.79091,Private room,64,1,31,2025-01-16,1.05,3,74,21,
770934454668024322,Albany 2 Bedroom House,48328222,John,,FOURTEENTH WARD,42.6631926,-73.8153245,Entire home/apt,131,1,10,2025-04-06,1.47,1,21,10,
774701102203414342,Entire cozy unit in Albany,261036923,Hasan,,FOURTEENTH WARD,42.6601,-73.80719,Entire home/apt,63,1,59,2025-04-06,2.08,1,251,18,
784781397995494758,Private bedroom and private bath w/separate entry,491907850,Donna,,FOURTEENTH WARD,42.66298,-73.81361,Private room,45,1,15,2024-07-31,0.56,1,83,4,
786181179052991690,Center Square Gem: Junior 1 Bedroom,188679144,Elizabeth,,THIRD WARD,42.65653,-73.76223,Entire home/apt,70,1,3,2024-01-27,0.14,8,335,0,
786196811078165173,Mansion in Albany 7minutes to Downtown Albany,444163492,Drasana,,FOURTH WARD,42.67996,-73.75352,Entire home/apt,,30,13,2024-02-25,0.49,1,0,0,
786228331433922432,Glamorous 1BR Retreat in Center Square,188679144,Elizabeth,,SIXTH WARD,42.65322,-73.76249,Entire home/apt,93,7,4,2024-11-09,0.21,8,357,1,
786316043239579100,Elegant newly renovated cozy smart apartment,253824490,Tomar,,FIFTH WARD,42.6591503133547,-73.75431932508945,Entire home/apt,86,2,36,2024-09-09,1.32,1,187,5,
787023821243442039,*The Allen House* Gorgeous Apartment - Sleeps 8,349460842,Scott,,FOURTEENTH WARD,42.6653,-73.7943,Entire home/apt,204,1,105,2025-04-23,3.96,17,335,47,
788301415655396660,Spacious 2 bed w/parking,232967878,Diana,,SECOND WARD,42.64409,-73.75709,Entire home/apt,128,1,65,2025-03-01,2.29,22,63,23,
794723189688979530,Updated 3/1 unit for Professionals,20144241,Carla,,FIFTH WARD,42.67283,-73.77367,Entire home/apt,94,3,14,2025-04-27,0.59,1,58,8,
795541666227926706,Victorian Mansion on Washington Park,493882819,Terra,,NINTH WARD,42.656329,-73.7752048,Entire home/apt,800,1,5,2024-08-18,0.24,6,178,3,
796231143904004713,Washington Park Inn 4,493882819,Terra,,NINTH WARD,42.65582,-73.77541,Private room,134,1,12,2024-12-01,0.55,6,215,4,
797455132224782470,Women only Alb Medical/colleges/Dtwn Albany Room O,89705052,Share,,TENTH WARD,42.65741,-73.78034,Private room,54,2,14,2024-09-30,0.51,2,91,3,
802216634798169031,Washington Park Inn 6,493882819,Terra,,SIXTH WARD,42.65751,-73.77409,Private room,168,1,6,2024-10-13,0.28,6,205,1,
803604897479679272,3br/2ba Near Alb Med & St.Petes.,21886921,David,,FOURTEENTH WARD,42.66691,-73.79338,Entire home/apt,125,14,3,2024-11-09,0.13,2,326,2,
803682039097862541,Modern and Cozy Pine Hills Home from Early 1900s,265709295,Priscela,,THIRTEENTH WARD,42.6702921,-73.7907283,Entire home/apt,135,1,14,2025-04-13,1.04,2,312,10,
803814397190632412,Washington Park Inn - Room 5,493882819,Terra,,NINTH WARD,42.656329,-73.775205,Private room,134,1,6,2024-10-11,0.28,6,198,3,
803867986023966300,Washington Park Inn 1,493882819,Terra,,NINTH WARD,42.656329,-73.775205,Private room,134,1,9,2024-10-29,0.41,6,208,3,
806767523952124375,& Modern Luxury Cottage in Central ALB,110453341,Alexis,,FIFTH WARD,42.6684126,-73.7684199,Entire home/apt,95,1,39,2025-03-16,1.42,1,327,16,
809524698302742033,Two bedroom apartment near hospitals pet friendly,172658781,Jessica,,NINTH WARD,42.65613971519499,-73.79212237894535,Entire home/apt,85,30,0,,,2,80,0,
813640070361665090,The front room w/ TV and king size bed,116935236,Felicisimo,,THIRTEENTH WARD,42.67144,-73.79033,Private room,50,2,16,2025-02-27,0.75,5,330,6,
816085193659797849,Cozy Apartment across the Park,37769478,Erion,,SIXTH WARD,42.65258,-73.76917,Entire home/apt,84,1,36,2025-03-27,1.33,11,361,6,
821566342267452838,COMFY Room/w Private BATH + TV,177073982,Cristian,,FOURTEENTH WARD,42.66109,-73.80479,Private room,52,2,3,2023-11-30,0.11,2,212,0,
823275570359807298,Cozy Home 5 Minute Walk to Albany Medical Center,500360485,Manjano,,SIXTH WARD,42.65184,-73.77074,Entire home/apt,,7,0,,,1,0,0,
826301775871257033,2 br apt 2 min walk to albanymed offstreet parking,484673863,Michaela,,NINTH WARD,42.65613,-73.77469,Entire home/apt,75,1,29,2025-04-13,1.08,3,340,12,
831122937768017113,Boho-Chic Cape Conveniently Located,210596861,Craig,,FIFTEENTH WARD,42.67076,-73.82612,Entire home/apt,221,2,99,2025-04-20,3.79,1,226,40,
841524382518312215,Mellow Cove,462042479,Natasha,,SIXTH WARD,42.66008,-73.76977,Entire home/apt,120,3,6,2024-07-09,0.30,2,365,2,
841524433909352403,Cozy Cove Away From Home,462042479,Natasha,,SIXTH WARD,42.65987,-73.77025,Entire home/apt,120,3,12,2023-12-03,0.53,2,365,0,
843481456379840308,Center Square Serenity: 2-Bedroom Elegance,188679144,Elizabeth,,SIXTH WARD,42.65483,-73.76353,Entire home/apt,91,1,2,2023-09-04,0.08,8,305,0,
845960193409947556,Modern Cottage-Perfect for Families!,268741708,Antoinette,,FIRST WARD,42.63504,-73.79833,Entire home/apt,325,2,105,2025-04-28,4.09,1,84,43,
846586211673806912,Spacious Home Away from Home!,49372011,Philip,,TWELFTH WARD,42.67336,-73.78619,Entire home/apt,196,3,19,2025-01-24,0.76,2,121,7,
849460179246794510,Your luxury home away from home,1761578,Grant,,SIXTH WARD,42.65432,-73.76531,Entire home/apt,270,2,2,2025-02-17,0.14,3,118,1,
850173470105833039,Stunning Guest Suite in Historic 1874 Row House,120815848,Phat,,SECOND WARD,42.6446,-73.75885,Private room,87,1,167,2025-04-30,6.62,1,337,87,
850653820133738660,"Private queen room near Albany Med, UAlbany",20536619,Emily,,THIRTEENTH WARD,42.67177,-73.79464,Private room,65,7,15,2025-04-12,0.70,10,128,9,
857981934159027424,Updated Historic Brownstone Apt.,60293220,David,,THIRD WARD,42.65817,-73.74935,Entire home/apt,89,2,21,2025-04-08,0.89,3,344,9,
870457209918967324,Quiet Room Near Everything,177073982,Cristian,,FOURTEENTH WARD,42.66128,-73.80548,Private room,52,3,4,2024-03-02,0.21,2,242,0,
880290989870286099,Spacious 3BR with 2BA & Laundry,49372011,Philip,,ELEVENTH WARD,42.67355,-73.78496,Entire home/apt,251,2,26,2024-09-02,1.08,2,241,7,
881231954286264195,Exposed Brick with Park Views,37769478,Erion,,SIXTH WARD,42.65379,-73.76901,Entire home/apt,87,1,20,2025-04-11,0.82,11,299,12,
882229561343619620,Modern / Downtown Albany 1 BR APT,512736975,Miguelino,,TENTH WARD,42.6599733,-73.7747433,Entire home/apt,69,2,61,2025-02-15,2.56,1,141,21,
887167811237271928,The Comfort II,459472925,Gabriel,,THIRD WARD,42.66246,-73.76576,Private room,36,1,26,2025-02-17,1.12,2,358,9,
887179061681202083,The Comfort,459472925,Gabriel,,THIRD WARD,42.6628771,-73.76534029999999,Private room,36,1,29,2024-11-15,1.22,2,324,16,
888859204851381094,Walk to Downtown Albany: Ten Broeck Triangle Apt!,121680792,Evolve,,THIRD WARD,42.65822,-73.75132,Entire home/apt,94,2,14,2025-02-24,0.59,6,337,5,
898743867240851780,"Airy 5Br-2Ba,Kids Rm, 6TVs,Pvt Fence-yard&Parking!",516414095,Rashawn,,TENTH WARD,42.66087,-73.78655,Entire home/apt,236,2,52,2025-03-30,2.28,1,82,17,
902166216060824525,2 bdrm Modern & Hip Apt w/ Patio,47625981,Linda,,SEVENTH WARD,42.64787,-73.76707,Entire home/apt,140,1,49,2025-02-26,2.15,18,332,17,
902326803627859755,"""The LEO Home"" Private Bedroom 4",349460842,Scott,,TENTH WARD,42.66174,-73.78325,Private room,70,30,0,,,17,361,0,
904392960639597224,/Luxury Modern Western Hideout\,4259750,Peter,,THIRTEENTH WARD,42.6652959,-73.7868778,Entire home/apt,136,1,18,2024-12-08,0.78,9,233,4,
905007131419044966,*The Red House* 4 Bedrooms‚Ä¢Beautifully Renovated,349460842,Scott,,TENTH WARD,42.66217,-73.78299,Entire home/apt,205,1,60,2025-04-20,2.73,17,344,33,
910155617642317638,Exclusive | Suite ~ Extended Stay,6203319,Melissa,,TENTH WARD,42.66292,-73.7909,Private room,,1,1,2023-07-26,0.05,3,0,0,
917510613914219375,"R&R | Hospitals, Colleges + Politics",6203319,Melissa,,TENTH WARD,42.66261,-73.79158,Private room,75,1,10,2024-09-29,0.45,3,29,3,
919055506310955442,Room for rent,502751555,Grace,,FIFTH WARD,42.67292,-73.7776,Private room,93,1,0,,,1,364,0,
921076441920995839,Work hard! Play hard!,521669673,Kody,,THIRD WARD,42.6586,-73.75743,Entire home/apt,72,14,3,2024-12-21,0.14,4,217,1,
928948908785846870,Newly Renovated Gem in Melrose - Pet Friendly,441054845,Thaddeus,,THIRTEENTH WARD,42.67066,-73.79571,Entire home/apt,60,1,65,2025-04-28,3.03,2,172,38,
932618854176539492,Cozy space all on 1 floor close to U Albany,232967878,Diana,,THIRTEENTH WARD,42.67261,-73.79264,Entire home/apt,132,1,42,2025-02-26,1.92,22,66,30,
932642358896439621,Stylish top floor apt w/parking,232967878,Diana,,THIRTEENTH WARD,42.67224,-73.79301,Entire home/apt,106,1,41,2025-04-13,1.89,22,59,26,
934035097653060273,Washington Park Inn 7,493882819,Terra,,SIXTH WARD,42.65655,-73.77434,Private room,,1,8,2024-10-06,0.37,6,0,3,
937837897631191844,Hudson 2 at The Argus Hotel,526358730,Argus,,SIXTH WARD,42.65867,-73.77479,Private room,165,1,2,2023-12-31,0.10,12,252,0,
937838302933205871,Hudson 1 at The Argus Hotel,526358730,Argus,,ELEVENTH WARD,42.6606,-73.77284,Private room,165,1,7,2024-10-16,0.37,12,264,3,
937917144482762419,Hudson 3 ADA at The Argus Hotel,526358730,Argus,,TENTH WARD,42.65908,-73.77456,Private room,165,1,7,2025-02-11,0.33,12,256,3,
937927979762952955,Hudson 4 at The Argus Hotel,526358730,Argus,,TENTH WARD,42.66043,-73.77432,Private room,,1,2,2024-10-12,0.25,12,257,2,
937935210290408974,Hudson 5 at The Argus Hotel,526358730,Argus,,SIXTH WARD,42.65847,-73.77272,Private room,,1,5,2024-12-29,0.27,12,270,3,
937943638262956751,Whalen 1 Suite at The Argus Hotel,526358730,Argus,,SIXTH WARD,42.65908,-73.77326,Private room,,1,2,2024-10-06,0.12,12,222,1,
937959604296602771,Whalen 2 Deluxe at The Argus Hotel,526358730,Argus,,TENTH WARD,42.66003,-73.7732,Private room,174,1,0,,,12,265,0,
937966967490420635,Whalen 3 at The Argus Hotel,526358730,Argus,,SIXTH WARD,42.65857,-73.7744,Private room,,1,0,,,12,266,0,
938260134617291567,Whalen 4 at The Argus Hotel,526358730,Argus,,SIXTH WARD,42.65893,-73.77448,Private room,,1,0,,,12,270,0,
938266199766701429,Knickerbocker 1 The Argus Hotel,526358730,Argus,,TENTH WARD,42.66037,-73.77327,Private room,,1,0,,,12,269,0,
938271786418327576,Knickerbocker 3 The Argus Hotel,526358730,Argus,,SIXTH WARD,42.65868,-73.77333,Private room,,1,0,,,12,272,0,
938280419686165005,Historic Carriage House  in Washington Park,526358730,Argus,,TENTH WARD,42.66036,-73.7729,Entire home/apt,307,1,16,2025-01-01,0.76,12,249,10,
938421117122010799,"The backroom with TV, Queen bed and extra futon",116935236,Felicisimo,,ELEVENTH WARD,42.6708367,-73.7853116,Private room,,2,25,2025-04-18,1.16,5,365,13,
938431811499141903,The little room with TV and twin bed,116935236,Felicisimo,,THIRTEENTH WARD,42.66974,-73.78611,Private room,37,2,31,2025-04-13,1.43,5,364,14,
938475906652462790,Colorful and eclectic apartment,132766782,Kelly,,TWELFTH WARD,42.67398,-73.79126,Entire home/apt,128,3,9,2025-02-17,0.71,1,260,8,
940012438497375577,Sunny King bed w private luxurious bath & garden,172539578,David Yisrael,,FIFTEENTH WARD,42.68001107488553,-73.81705995884008,Private room,53,3,6,2025-04-09,0.29,3,84,3,
942750363293463100,The spacious room w/ tv dresser/desk,116935236,Felicisimo,,ELEVENTH WARD,42.67034,-73.7851,Private room,54,2,18,2025-01-18,1.14,5,292,12,
950211425725610511,"Historic, Spacious Mansion Suite",1717342,David,,SIXTH WARD,42.6541815,-73.76086049999999,Entire home/apt,102,1,163,2025-04-26,7.85,2,209,92,
950613505102507073,A beautiful cozy home,529844022,Shirin,,FIRST WARD,42.63855,-73.76927,Entire home/apt,,1,0,,,1,0,0,
957914480227791276,"2 bedroom+home office, private parking & backyard",217254883,Ermenita,,NINTH WARD,42.6549886,-73.79390939999999,Entire home/apt,131,1,111,2025-04-16,5.35,1,18,60,
958199983873241221,Oasis Garden Apt w/Queen Bed,172539578,David Yisrael,,FIFTEENTH WARD,42.678962799458816,-73.81724461913109,Entire home/apt,116,3,19,2024-12-17,1.08,3,208,17,
963920695464462572,Comfy studio in heart of Albany,189586864,Justin,,SIXTH WARD,42.65241,-73.77002,Entire home/apt,82,1,94,2025-04-27,4.60,1,346,64,
965313684808466476,Historic Brownstone in Albany,533703131,Abel,,THIRD WARD,42.656658760865334,-73.74939680099487,Entire home/apt,94,1,4,2025-04-30,4,1,7,4,
969886763377526954,Abba House historic Retreat - 1st Floor Queen Bed,382970529,Thomas,,FOURTEENTH WARD,42.66877,-73.79927,Private room,55,1,109,2025-04-30,5.96,14,215,106,
980034348801186320,Chic Madison Parkview,241123402,JShing,,SIXTH WARD,42.65312775001394,-73.76950465142727,Entire home/apt,91,1,23,2025-03-10,1.21,1,306,15,
983306819910081094,The House That Pat Built,114183978,Tyrell,,FIFTH WARD,42.66628,-73.76512,Entire home/apt,90,2,4,2024-04-18,0.21,1,81,0,
989010058281318863,Modern 1BR in a great location,75667477,Ahmad,,THIRD WARD,42.65515515851637,-73.76052582647431,Entire home/apt,77,30,7,2025-04-20,0.36,1,228,5,
989897095065962672,Minutes from hospitals and Universities,109133858,Priscilla,,THIRTEENTH WARD,42.6716,-73.79799,Entire home/apt,164,2,3,2025-03-02,0.20,1,260,2,
992119832780871644,Two bedroom close to colleges!,152762198,Allen,,FOURTEENTH WARD,42.67098,-73.80695,Entire home/apt,96,3,16,2025-04-02,0.84,9,165,7,
992554549672159765,"Beautiful huge 4 bedrm , 3 bathrm private parking",476189412,Timothy,,SEVENTH WARD,42.64485687096462,-73.77281881169621,Entire home/apt,267,3,6,2024-04-06,0.40,1,85,0,
993431459821117738,Albany 3 Bedroom Apt. Sleeps 6,309980121,Ron,,SIXTH WARD,42.65623,-73.7641152,Entire home/apt,,14,12,2024-02-29,0.63,1,0,0,
999161887055542119,"Spacious Apartment Downtown Albany, NY",531209536,Amar,,THIRD WARD,42.65762,-73.75116,Entire home/apt,84,1,32,2024-12-29,1.71,1,83,22,
1004978540001566331,Elegant Albany Retreat | Mins to D/T & UAlbany,31318080,Cindy,,EIGHTH WARD,42.6555,-73.81066,Entire home/apt,168,2,49,2025-04-20,3.33,1,140,44,
1005978346817864540,Massive 4BD/3BA 2-Fl Townhouse Apt Downtown Albany,44434571,Earl,,SECOND WARD,42.64534889999999,-73.75364650000002,Entire home/apt,183,1,59,2025-04-28,3.21,9,334,44,
1007354086435981132,Top floor w/off street parking,232967878,Diana,,TENTH WARD,42.66091,-73.78453,Entire home/apt,189,1,35,2025-03-16,1.93,22,63,20,
1010759793485911351,Abba House Historic Retreat - 3rd Flr Twin Bed,382970529,Thomas,,THIRTEENTH WARD,42.67003,-73.79771,Private room,51,1,57,2025-04-29,3.13,14,269,37,
1010759799610182054,Abba House historic Retreat - 3rd Floor Single Bed,382970529,Thomas,,THIRTEENTH WARD,42.66971,-73.79755,Private room,51,1,64,2025-04-12,3.52,14,269,41,
1012862218478447339,Centrally Located 4 Story Manor,382970529,Thomas,,THIRTEENTH WARD,42.669899245465515,-73.7977031057611,Entire home/apt,1200,1,0,,,14,172,0,
1013659440189111738,Abba House Historic Retreat - 2nd Floor Full Bed,382970529,Thomas,,FOURTEENTH WARD,42.66873,-73.7993,Private room,59,1,22,2025-01-16,1.21,14,184,9,
1015385216942267174,Á∫ΩÁ∫¶Â∑ûÈ¶ñÂ∫úÁöÑÊ∏©È¶®Â∞èÂ±ã,182509542,Yan,,NINTH WARD,42.6558992,-73.7965699,Private room,24,1,0,,,1,73,0,
1016050146219474145,Heart of Albany - Downtown Near Everything,42708277,Rodney,,SIXTH WARD,42.65539,-73.76416,Entire home/apt,72,1,38,2025-04-07,2.09,6,38,28,
1018268869882592471,Spacious Townhouse Walking Distance from Downtown,528617680,Paola,,SECOND WARD,42.6459,-73.75828,Entire home/apt,102,1,1,2025-01-23,0.30,2,156,1,
1018299533220989494,Abba House Historic Retreat - 2nd Floor Queen Bed,382970529,Thomas,,THIRTEENTH WARD,42.66996,-73.79816,Private room,58,1,80,2025-04-26,4.46,14,258,49,
1018972187574908115,1 Comfy Bedroom Across the Park,37769478,Erion,,SIXTH WARD,42.6535,-73.77046,Entire home/apt,81,1,58,2025-04-19,3.28,11,344,40,
1020518500251473070,Downtown Studio,233515764,Etem,,SECOND WARD,42.64714,-73.75466,Entire home/apt,64,1,135,2025-04-27,7.89,6,60,103,
1020993107237604444,*Beautiful* Spacious Prime DT 1 Bedroom Apt w GYM,47625981,Linda,,THIRD WARD,42.6586,-73.76421,Entire home/apt,107,1,20,2025-03-22,1.15,18,231,19,
1021011347006185640,*Spacious* Modern 1 Bedroom RARE Apt w GYM,47625981,Linda,,THIRD WARD,42.65971,-73.76382,Entire home/apt,107,1,28,2025-03-10,1.62,18,257,22,
1023053182224590019,Great home in Albany,496990578,Brian,,ELEVENTH WARD,42.66838,-73.77868,Entire home/apt,116,2,80,2025-04-13,4.64,1,25,58,
1034722814589239236,"*Huge, bright, private 2Bedroom*",130404008,Michael,,THIRD WARD,42.65711,-73.75133,Entire home/apt,91,14,2,2024-09-01,0.22,1,35,2,
1040624808363695229,Safe - Sweet -Serene - Long Term,42708277,Rodney,,SIXTH WARD,42.65447,-73.76078,Entire home/apt,62,1,46,2025-03-19,2.83,6,50,30,
1043565517982254841,2 bed room Apartment,212885959,Osas,,SECOND WARD,42.63976,-73.75705,Entire home/apt,94,1,19,2025-03-04,1.28,1,101,10,
1051544181986274174,Renovated Cozy 1920‚Äôs Apartment,31994990,Gonca,,SEVENTH WARD,42.64478,-73.7764,Entire home/apt,53,28,1,2024-09-30,0.14,2,88,1,
1052381112116173923,Charming Bungalow in Albany!,52464523,Dashima,,FIRST WARD,42.64081,-73.77463,Entire home/apt,114,30,9,2025-04-18,0.55,1,233,6,
1056068682616336229,two private bedrooms near hospitals & schools,20536619,Emily,,THIRTEENTH WARD,42.6714,-73.79431,Private room,106,5,1,2024-08-22,0.12,10,69,1,
1056469473906808728,"Bonjour, Bienvenue A Chez Pierre",553112010,Lynn,,TWELFTH WARD,42.7149,-73.87649,Private room,87,2,1,2024-10-26,0.16,1,268,1,
1061814091773376272,Massive 5BD/4BA 3-Story Duplex @ Downtown Albany,44434571,Earl,,SECOND WARD,42.64418,-73.75316,Entire home/apt,307,1,17,2025-03-16,1.17,9,324,14,
1062527013885315764,"private twin room near hospitals, schools",20536619,Emily,,THIRTEENTH WARD,42.67096,-73.79514,Private room,51,7,12,2025-02-17,0.79,10,179,10,
1072781767409521866,The Bluebird‚Äôs Nest,426223840,Antonio,,ELEVENTH WARD,42.663915656143736,-73.77786945551634,Entire home/apt,77,1,39,2025-04-06,2.58,1,247,23,
1073179963201889958,In the heart of Albany,31994990,Gonca,,SEVENTH WARD,42.64473,-73.77641,Entire home/apt,53,20,2,2024-09-02,0.22,2,132,2,
1075444056381274297,The Tangerine Door,542733174,Rebecca,,TWELFTH WARD,42.67908,-73.79505,Entire home/apt,140,2,22,2025-04-07,1.45,1,110,16,
1079742757364810916,Lark St Oasis: Parking & Laundry,119340359,Lori,,SIXTH WARD,42.65531,-73.76449,Entire home/apt,148,2,7,2025-02-06,0.48,2,0,1,
1090781013234004527,Newly renovated cozy apartment !,521669673,Kody,,THIRD WARD,42.65975,-73.76311,Entire home/apt,75,14,1,2024-11-24,0.19,4,252,1,
1090800410444414860,Work hard and relax !,521669673,Kody,,THIRD WARD,42.65874,-73.76302,Entire home/apt,68,14,0,,,4,268,0,
1091422934956081673,2 bed with parking off Madison,232967878,Diana,,TENTH WARD,42.65988,-73.78486,Entire home/apt,136,2,16,2025-02-16,1.19,22,66,13,
1091500387329731524,Triplex oasis w:parking near MVP,232967878,Diana,,SECOND WARD,42.64409,-73.75709,Entire home/apt,76,2,60,2025-04-13,4.20,22,48,50,
1097201673425863720,Cozy 1-Bedroom Apt in Albany (Entire Apartment),360806709,Gloria,,SEVENTH WARD,42.64149,-73.77925,Entire home/apt,,1,56,2025-03-21,6.20,1,0,56,
1097995825442731795,New Center square studio,232967878,Diana,,SIXTH WARD,42.65269,-73.76567,Entire home/apt,93,2,43,2025-03-29,3.08,22,44,36,
1100876731732967826,"Homey, Quiet 2BR W/ Washer Dryer",152762198,Allen,,FOURTEENTH WARD,42.67008,-73.80691,Entire home/apt,94,3,28,2025-02-19,2.19,9,145,27,
1102984130027939637,Lovely 1 bedroom across the Park,37769478,Erion,,SIXTH WARD,42.65289,-73.76834,Entire home/apt,71,1,47,2025-04-03,3.37,11,353,40,
1105303461851883481,Downtown Brownstone with a View!,14817455,Matt,,THIRD WARD,42.65749,-73.75263,Entire home/apt,140,7,0,,,1,170,0,
1108060100336766656,downtown,539608284,Joyhefsiba,,THIRD WARD,42.66141,-73.76361,Private room,54,30,0,,,1,364,0,
1111221935683053416,Historical Pastures,418250661,Stephanie,,THIRD WARD,42.6564469,-73.7507251,Entire home/apt,99,2,8,2025-04-13,0.59,1,317,4,
1119691401020641385,Serene 1BR Escape: Walk to Eateries & Parks in ALB,472965048,Corey,,SIXTH WARD,42.65348,-73.7637,Entire home/apt,87,1,14,2025-04-03,1.07,2,144,12,
1119844407084108907,1 bed 1 bath Apartment,477328400,Tyler,,SEVENTH WARD,42.64885,-73.76523,Entire home/apt,90,2,38,2025-03-30,3.13,1,136,38,
1120212616553191970,Garden Apt Guest Suite in Historic 1858 Row House,472965048,Corey,,SIXTH WARD,42.65194,-73.76526,Entire home/apt,87,1,28,2025-04-18,2.11,2,172,24,
1121699903906738345,Cozy apartment in Albany,1761578,Grant,,SIXTH WARD,42.65314,-73.76546,Entire home/apt,90,2,6,2025-02-18,0.46,3,117,4,
1123231471304541808,"Modern townhouse 2 Bedrooms, King Bed, parking",10279606,Noriyuki,,FIFTEENTH WARD,42.66901,-73.82402,Entire home/apt,119,1,44,2025-03-23,3.47,3,246,41,
1124558577325015506,Charming 1BR Near Capitol-Dwntwn,46312980,Robert,,SECOND WARD,42.646032,-73.760482,Entire home/apt,64,3,4,2025-02-17,0.36,2,175,4,
1124632058968031818,Modern Duplex - Historical Home,46312980,Robert,,SECOND WARD,42.646032,-73.760482,Entire home/apt,94,3,5,2025-03-31,0.39,2,44,4,
1128332989288304495,Downtown Albany Vacation Rental - Chic & Walkable!,121680792,Evolve,,THIRD WARD,42.65694,-73.75449,Entire home/apt,96,2,3,2024-07-28,0.27,6,181,3,
1128386510439836615,Welcome home travelers,502037254,Andrew,,SEVENTH WARD,42.64893,-73.76886,Entire home/apt,75,25,2,2024-08-03,0.19,3,147,2,
1131258472427093335,"Modern 2 BR near MVP Arena, Colleges, Airport",440509865,John,,FIFTEENTH WARD,42.674853495878494,-73.81692445092622,Entire home/apt,153,1,39,2025-04-27,4.40,1,288,39,
1134940445251354534,Calling all travelers,521669673,Kody,,THIRD WARD,42.65909,-73.75691,Entire home/apt,70,14,1,2024-05-03,0.08,4,226,1,
1135812630237897119,Cozy Bedrooms in Albany,522436003,Adriana,,THIRTEENTH WARD,42.6689614,-73.7890379,Private room,36,28,0,,,3,269,0,
1136433500940918827,"""The LEO Home"" Private Bedroom 1",349460842,Scott,,THIRTEENTH WARD,42.66368,-73.78128,Private room,56,30,0,,,17,299,0,
1137574905808100256,Albany‚Äôs Cozy Staycation Spot,437410521,Samantha,,TWELFTH WARD,42.69546658048347,-73.8520194447236,Entire home/apt,225,1,1,2025-04-16,1,1,276,1,
1141525488442370659,North Allen,522436003,Adriana,,THIRTEENTH WARD,42.6689614,-73.7890379,Private room,,28,0,,,3,241,0,
1142828940864329671,Safe Comfy Cozy 2 bedrooms.,574235481,Lavern,,FIRST WARD,42.64094,-73.7767,Entire home/apt,,2,4,2024-07-06,0.33,1,0,4,
1142832011692120213,Charming 1-BR Apt with beautiful patio and parking,129023424,Riccardo,,THIRTEENTH WARD,42.67105,-73.7995,Entire home/apt,107,7,6,2025-04-13,0.53,1,180,6,
1146241260871564965,Larson Green,233515764,Etem,,SIXTH WARD,42.6524924,-73.7674361,Entire home/apt,81,1,52,2025-03-16,4.32,6,59,52,
1146352622413555849,491 Washington Ave FL1Rare,575030103,Rehan,,ELEVENTH WARD,42.66259,-73.7733,Private room,50,2,19,2025-04-28,1.59,2,266,19,
1147092019793504034,Larson Blue,233515764,Etem,,SIXTH WARD,42.65274,-73.76779,Entire home/apt,80,1,64,2025-04-18,5.26,6,52,64,
1150611568915810847,Albany historic Washington Park,576083630,Joseph,,SIXTH WARD,42.6586049,-73.76803290000001,Entire home/apt,89,2,11,2025-03-30,0.93,1,79,11,
1158059552251999833,"""The Albany Allen Home"" Private Bedroom 1",349460842,Scott,,TENTH WARD,42.66428,-73.79249,Private room,52,28,2,2024-11-29,0.25,17,269,2,
1158239701426064904,Funky loft studio,502037254,Andrew,,THIRD WARD,42.65845,-73.75926,Entire home/apt,70,30,0,,,3,208,0,
1164651175585600815,*Private Entrance* Cozy Apt Bright + Modern W/D,47625981,Linda,,SEVENTH WARD,42.64727,-73.76758,Entire home/apt,107,1,12,2025-04-19,1.17,18,325,12,
1170384250566304506,/An Oasis 8 ppl Yard Grill W/D\,580892646,Crystal,,SECOND WARD,42.64349,-73.75906,Entire home/apt,338,2,2,2024-07-31,0.20,2,47,2,
1171795874799450911,Walk to convention center:Lark St:Capital,232967878,Diana,,SIXTH WARD,42.65314,-73.7653,Entire home/apt,128,1,40,2025-04-16,3.66,22,45,40,
1171885189346375850,/A spacious suite: King/Queen beds Grill WD yard\,580892646,Crystal,,SECOND WARD,42.64462,-73.75764,Private room,204,2,0,,,2,50,0,
1173390858101803102,New near major medical facility,232967878,Diana,,SEVENTH WARD,42.64442,-73.77938,Entire home/apt,213,2,16,2025-02-26,1.67,22,50,16,
1174544643387116469,"Spacious, Modern Gem in Melrose - Pet Friendly",441054845,Thaddeus,,THIRTEENTH WARD,42.66894,-73.79549,Entire home/apt,257,1,54,2025-04-06,5.05,2,170,54,
1175235317794137317,Furnished 4 bed vintage home,20536619,Emily,,THIRTEENTH WARD,42.67276,-73.79332,Entire home/apt,,20,0,,,10,0,0,
1182574461437954732,Limited Time Listing,42708277,Rodney,,SIXTH WARD,42.6534205,-73.7639758,Entire home/apt,69,1,22,2025-03-27,2.11,6,58,22,
1183457852972127594,Upscale Listing-Heart of Albany,42708277,Rodney,,SIXTH WARD,42.65227,-73.7646,Entire home/apt,66,1,18,2025-03-15,1.86,6,58,18,
1183460523409924571,Albany Business Class Apartment,42708277,Rodney,,SIXTH WARD,42.6524,-73.76351,Entire home/apt,64,1,14,2025-04-14,1.35,6,54,14,
1184656403266667138,NEW studio w/2 beds near MVP,232967878,Diana,,SECOND WARD,42.64409,-73.75709,Entire home/apt,120,1,15,2025-03-01,1.46,22,66,15,
1185537980724624711,Empire Plaza Apartment,29483818,Ben,,SIXTH WARD,42.65327,-73.76181,Entire home/apt,85,1,109,2025-05-01,10.69,1,84,109,
1185591493744586895,"""The Albany Allen Home"" Private Bedroom 3",349460842,Scott,,FOURTEENTH WARD,42.66612,-73.79275,Private room,65,28,0,,,17,177,0,
1187591175698501325,House near major medical center,232967878,Diana,,NINTH WARD,42.65502,-73.79183,Entire home/apt,250,1,24,2025-03-16,2.39,22,64,24,
1189245100874558445,Beautiful 2 Bedroom with Parking,37769478,Erion,,SIXTH WARD,42.65333,-73.7711,Entire home/apt,112,1,21,2025-04-06,2.78,11,311,21,
1189249179392132534,Lovely 1 Bedroom with Parking,37769478,Erion,,TENTH WARD,42.66215,-73.79048,Entire home/apt,80,1,32,2025-04-11,3.28,11,352,32,
1191895319439613036,"Room in Albany, 4 minutes from AMC",32379616,Fabiola,,TENTH WARD,42.6605291,-73.7831549,Private room,33,28,0,,,5,273,0,
1192795085655166314,Privateroom with shared bathroom for Nurses&grads,382446799,Elizabeth,,NINTH WARD,42.65542,-73.78155,Private room,42,1,6,2025-03-31,0.68,1,263,6,
1196459023545165129,Albany Vacation Rental w/ State Capitol Views!,121680792,Evolve,,SIXTH WARD,42.65521,-73.76497,Entire home/apt,218,5,0,,,6,315,0,
1198592120169206200,"""The LEO Home"" Private Bedroom 2",349460842,Scott,,TENTH WARD,42.66269,-73.78163,Private room,56,30,0,,,17,179,0,
1201525324551556925,Traveling Medical Professionals,413566290,Victoria,,NINTH WARD,42.65506735928797,-73.79768460988998,Private room,46,2,5,2025-02-04,0.52,2,106,5,
1208695175897245796,"""The Albany Allen Home"" Private Bedroom 5",349460842,Scott,,TENTH WARD,42.6639,-73.7927,Private room,56,28,0,,,17,304,0,
1209313814437527365,"private queen room near AMC, UAlbany",20536619,Emily,,THIRTEENTH WARD,42.67318,-73.79345,Private room,58,7,2,2024-10-27,0.29,10,88,2,
1210875317904799284,Charming Home,147780154,Julia,,EIGHTH WARD,42.65812,-73.81912,Entire home/apt,199,3,0,,,1,358,0,
1223845635352908531,"493 Washington Ave, Albany 12206, 1st Floor",575030103,Rehan,,ELEVENTH WARD,42.66332540000001,-73.77422550000001,Entire home/apt,99,3,7,2025-03-02,1.04,2,343,7,
1224184445857718550,White Cozy Room,522436003,Adriana,,THIRTEENTH WARD,42.66859,-73.78832,Private room,55,28,2,2025-04-01,0.28,3,273,2,
1227494196390230149,/Audubon Apartment\ 3bed 1bath built1928 Pine Hill,52123673,Joseph,,THIRTEENTH WARD,42.66955,-73.78542,Entire home/apt,120,2,6,2025-02-17,0.77,1,267,6,
1229287611382413342,The Crimson Retreat,562084689,Antonio,,TENTH WARD,42.66095,-73.77813,Entire home/apt,165,1,22,2025-04-13,2.87,3,358,22,
1229302903741056027,It's Like a Treehouse,562084689,Antonio,,TENTH WARD,42.66104,-73.77971,Entire home/apt,150,1,12,2025-03-24,1.45,3,152,12,
1229336497403850446,Indigo Bunting Nest,562084689,Antonio,,ELEVENTH WARD,42.66319,-73.77897,Entire home/apt,145,1,29,2025-04-17,3.66,3,0,29,
1230257693323535013,Chic Garden Apt Center Square | King Bed & Laundry,106636448,Daniel,,SIXTH WARD,42.65507161089614,-73.76475094677727,Entire home/apt,118,1,38,2025-04-27,7.92,1,234,38,
1233366548908684664,Larson Gold,233515764,Etem,,SIXTH WARD,42.65173,-73.76786,Entire home/apt,74,1,48,2025-04-30,6.10,6,41,48,
1234376912864523021,Spacious Garden Apt in Center Square,564967431,Stephanie,,SIXTH WARD,42.65046806904435,-73.7643479581064,Entire home/apt,81,2,2,2024-10-28,0.31,2,322,2,
1237963668912797614,Tasteful‚Ä¶in more ways than one!,382970529,Thomas,,SIXTH WARD,42.655070571714035,-73.76151133328676,Entire home/apt,58,4,26,2025-04-18,3.48,14,88,26,
1240621479377945523,Private suite with separate entrance in Mansion,412416973,Virginia,,SECOND WARD,42.64566906803636,-73.75883447708878,Private room,75,1,7,2025-01-28,1.12,1,266,7,
1242227342075722524,Nice room in downtown albany,594734396,Abdelrahman,,SECOND WARD,42.6425,-73.75889,Private room,73,1,30,2025-04-10,4.15,2,300,30,
1246452851774715158,Room close to AMC and St peter,652223872,Umit,,TENTH WARD,42.65941683202992,-73.78360267728567,Private room,41,3,4,2024-12-23,0.59,1,349,4,
1252203595666312568,"""The Albany Allen Home"" Private Bedroom 4",349460842,Scott,,TENTH WARD,42.665179051217486,-73.79260147965597,Private room,52,28,0,,,17,364,0,
1252255960109808438,The Old Lawmaker's Building.,172861174,Vibha,,THIRD WARD,42.6551298,-73.75842949999999,Private room,92,1,6,2025-04-07,0.89,1,350,6,
1252258297385952172,staycation CAP region,38324986,Gregory,,EIGHTH WARD,42.64548739100758,-73.7896032151887,Entire home/apt,218,3,0,,,1,250,0,
1252301211909514289,"""The Albany Allen Home"" Private Bedroom 2",349460842,Scott,,TENTH WARD,42.66555578069533,-73.79269774597833,Private room,52,28,1,2024-11-27,0.19,17,364,1,
1256391301639690602,Lovely 1 bedroom across the park,37769478,Erion,,SIXTH WARD,42.65422976833157,-73.76982577313373,Entire home/apt,71,1,10,2025-03-21,1.42,11,289,10,
1256498995571429533,"""The LEO Home"" Private Bedroom 3",349460842,Scott,,TENTH WARD,42.66226,-73.78221,Private room,52,30,0,,,17,179,0,
1258922176307142144,Cozy Boho 1BR Near Albany Med & St Peter Hospitals,18490980,Jeremy,,SIXTH WARD,42.65337803678852,-73.7728707580915,Entire home/apt,83,1,6,2024-12-30,0.88,2,179,6,
1259604917138801047,In Town Convenient Studio | Washington Park Albany,18490980,Jeremy,,SIXTH WARD,42.65584,-73.76565,Entire home/apt,81,28,7,2025-03-13,1.04,2,180,7,
1264531987910224088,"*Serene* Parkside 2BR Apt: Private Entrance, W/D",47625981,Linda,,SEVENTH WARD,42.64762856666501,-73.76751684061892,Entire home/apt,131,1,21,2025-04-19,3.12,18,326,21,
1265342374507338537,Stylish studio - downtown Albany,564967431,Stephanie,,SIXTH WARD,42.65004675077063,-73.76402178164355,Entire home/apt,68,2,6,2025-03-01,0.96,2,182,6,
1266676779473584420,Row house on the park,1017349,Chris,,SIXTH WARD,42.65319027333566,-73.76970599961155,Private room,75,1,1,2024-10-26,0.16,1,83,1,
1268205616603776750,Central Location 1 Bed 1 Bath With Parking,270608641,Enkelejda,,SIXTH WARD,42.65137969505171,-73.76947069212083,Entire home/apt,76,1,11,2025-04-12,1.81,1,338,11,
1269145433396830936,King Bed in Spacious Aparment Close to Everything,382970529,Thomas,,THIRTEENTH WARD,42.66916459999999,-73.79776079999999,Private room,49,2,3,2025-04-20,0.48,14,266,3,
1273861365984558378,Short term across from UAlbany,658588120,Melinda,,TWELFTH WARD,42.686850591818136,-73.81405551801146,Entire home/apt,,365,0,,,1,358,0,
1273958657689116365,3 Bedroom Cozy Ranch,57127782,Deanna,,FIFTEENTH WARD,42.673155,-73.8203654,Entire home/apt,164,1,28,2025-04-20,4.52,1,168,28,
1274613024891750632,Two bedroom apartment in the heart of Albany,32379616,Fabiola,,THIRD WARD,42.66487530937626,-73.76730339028755,Entire home/apt,89,28,0,,,5,336,0,
1277717926531215616,Large Center Sq Luxury Retreat.,65760,Anthony,,SIXTH WARD,42.6497616,-73.7645287,Entire home/apt,168,4,1,2025-04-19,1,1,97,1,
1279781671588026640,Spacious & Quiet Townhouse Near Legislative Center,528617680,Paola,,SECOND WARD,42.6453112779392,-73.75793399720892,Private room,,1,6,2025-02-19,0.99,2,0,6,
1284151940120079993,Spacious 4-Bedroom Home with Modern Amenities,653956114,Michael,,TENTH WARD,42.66203830172302,-73.78922093804118,Entire home/apt,156,2,13,2025-04-23,3.86,1,152,13,
1284983740417509877,Cowen Residence Hospitality.,661066080,Conseta,,FOURTH WARD,42.67445142837617,-73.73835701264711,Entire home/apt,92,1,1,2025-01-18,0.29,1,174,1,
1288603783171108127,Washington Lofts 109 Spacious 1 Bedroom 1 Bath,358619880,Properties By Preston,,THIRD WARD,42.65769853839876,-73.76265861973056,Entire home/apt,71,31,2,2025-02-16,0.56,5,289,2,
1288603840617378795,Washington Lofts 303 Spacious 1 Bedroom 1 Bath,358619880,Properties By Preston,,THIRD WARD,42.657972465126825,-73.76464632915632,Entire home/apt,81,31,1,2025-03-14,0.60,5,134,1,
1288603902798375521,Washington Lofts 304 Spacious 1 Bedroom 1 Bath,358619880,Properties By Preston,,THIRD WARD,42.65735001723258,-73.76321831042932,Entire home/apt,71,31,3,2025-03-01,0.59,5,345,3,
1288604046621507922,Washington Lofts 109 Spacious 1 Bedroom 1 Bath,358619880,Properties By Preston,,THIRD WARD,42.65537054523247,-73.76089577263407,Entire home/apt,66,31,1,2024-12-01,0.20,5,257,1,
1288604092723663347,Washington Lofts 310 Spacious 1 Bedroom 1 Bath,358619880,Properties By Preston,,SIXTH WARD,42.65678,-73.76367,Entire home/apt,90,31,0,,,5,136,0,
1289084606313003203,"1 bedroom apt close to hospitals,3min to Albanymed",484673863,Michaela,,TENTH WARD,42.65701240741075,-73.78116252001512,Entire home/apt,68,1,24,2025-04-27,4.34,3,353,24,
1291321613053647042,The Belvedere,571617730,Zinte,,SECOND WARD,42.6445746,-73.7566836,Entire home/apt,300,1,0,,,1,357,0,
1292881870228693830,‚ÄòThe Blue Home‚Äô Private Bedroom 3 / 1 Full Bath,349460842,Scott,,TENTH WARD,42.66229705990609,-73.78175574496683,Private room,70,30,0,,,17,92,0,
1294330125585979004,Modern Luxury 2 bedroom w/yard,353498132,Michael,,EIGHTH WARD,42.64592834063253,-73.79876141165387,Entire home/apt,171,13,0,,,6,210,0,
1295804289767410494,'The Blue Home' Private Bedroom 1 / 1 Full Bath,349460842,Scott,,THIRTEENTH WARD,42.66345629680885,-73.7818281544101,Private room,70,30,0,,,17,291,0,
1296651761769034648,Room in Albany,663670719,Elhadj,,THIRTEENTH WARD,42.664345438141105,-73.77874573138119,Private room,38,1,8,2025-03-14,2.47,3,243,8,
1296756366433115082,"Room In Albany, NY",663670719,Elhadj,,ELEVENTH WARD,42.66294970341223,-73.7789027115689,Private room,36,1,31,2025-04-23,6.08,3,297,31,
1298067362380112500,Fresh & Modernized 2BR Fl 1 Apt @ Downtown Albany,44434571,Earl,,SECOND WARD,42.64441207268658,-73.7522667363394,Entire home/apt,100,1,12,2025-04-11,2.95,9,346,12,
1298625208863760034,Mid-century Cozy Retreat W/D,47625981,Linda,,SEVENTH WARD,42.64882383528059,-73.7666466200598,Entire home/apt,107,1,3,2025-03-09,0.62,18,352,3,
1300644516303671513,Hope On The Hill,341431807,Rakee,,FIRST WARD,42.6310402282283,-73.77196507981581,Entire home/apt,104,1,4,2025-02-16,0.85,1,365,4,
1308084493028885153,‚ÄòThe Blue Home‚Äô Private Bedroom 2 / 1 Full Bath,349460842,Scott,,TENTH WARD,42.66299894556866,-73.7825558531992,Private room,56,28,0,,,17,265,0,
1308111521841678866,‚ÄòThe Blue Home‚Äô Private Bedroom 4 / 1 Full Bath,349460842,Scott,,TENTH WARD,42.66239946679698,-73.78271260107455,Private room,56,30,0,,,17,273,0,
1310170283925918533,Private Room In Albany,663670719,Elhadj,,ELEVENTH WARD,42.66375890730826,-73.77674406705056,Private room,44,1,17,2025-04-27,3.86,3,303,17,
1312449079141263102,COZY  house,667142820,Sylvain Marco,,FIFTEENTH WARD,42.6694592,-73.8269249,Entire home/apt,250,30,0,,,1,365,0,
1319619558594743733,Prime Location - 1 Bedroom,559146397,Cathleen,,SIXTH WARD,42.65331,-73.76971,Entire home/apt,75,31,0,,,2,32,0,
1319649416178819713,The Sweet spot,252422913,Dennis,,FIFTEENTH WARD,42.67077854215789,-73.82525054567722,Entire home/apt,106,2,1,2025-04-14,1,1,83,1,
1325491259534107672,Walk to Washington Park: Remote Work-Ready Apt!,121680792,Evolve,,SIXTH WARD,42.65481,-73.77287,Entire home/apt,101,2,0,,,6,343,0,
1328247359330291677,The Whisky House,666182267,Tyler,,SIXTH WARD,42.65015,-73.76337,Entire home/apt,170,2,10,2025-04-20,3.49,1,211,10,
1328401906195927790,Top of The Capital,392074908,Jerry,,SIXTH WARD,42.65262,-73.76134,Entire home/apt,103,2,4,2025-04-09,1.82,4,358,4,
1329355205441244604,Albany Prime Location - 1 Bed,559146397,Cathleen,,SIXTH WARD,42.65344807383542,-73.76942854374647,Entire home/apt,83,31,0,,,2,245,0,
1334238579190312184,Charming & Roomy 3BR/1BA Fl 2 Apt @Downtown Albany,44434571,Earl,,SECOND WARD,42.6440750005831,-73.75452790055822,Entire home/apt,109,1,4,2025-04-19,3.53,9,0,4,
1344295935213350424,Business Travelers Retreat,42708277,Rodney,,FOURTH WARD,42.675383658286634,-73.75011739653225,Entire home/apt,74,1,0,,,6,46,0,
1350831900774924999,Cozy Home in Heart of Albany,677372979,Celia,,TWELFTH WARD,42.68507834404223,-73.79764015056868,Entire home/apt,126,7,2,2025-04-20,0.92,1,195,2,
1350872245042831459,Capital City Escape,10279606,Noriyuki,,FIFTEENTH WARD,42.67003713546928,-73.82302715231661,Entire home/apt,159,1,14,2025-04-21,5.53,3,326,14,
1355026548513364492,Traveler‚Äôs Haven!,413566290,Victoria,,NINTH WARD,42.655400645597446,-73.79756712300808,Private room,57,2,1,2025-04-13,1,2,73,1,
1358581858384454275,Two bedroom apartment in Albany,32379616,Fabiola,,THIRD WARD,42.66526304906058,-73.76716070107956,Entire home/apt,76,28,0,,,5,335,0,
1363867065584533091,A piece of mind,650062372,Mataiya,,THIRTEENTH WARD,42.66891,-73.79096,Entire home/apt,166,1,0,,,1,0,0,
1365428503448527322,"Modest (Non Smoking) 2 bed/1 Bath, 2nd Floor Apt",664328482,Oluyinka,,SECOND WARD,42.6436654,-73.7536006,Entire home/apt,103,1,16,2025-04-30,7.87,1,335,16,
1366933239765507591,Vacation Home in Albany,680411288,Stephanie,,EIGHTH WARD,42.64533014600323,-73.789131045637,Entire home/apt,257,1,7,2025-04-27,4.57,1,296,7,
1369127908322228929,Capital Comfort Stay,584109093,Cecilia,,FOURTH WARD,42.66159372265361,-73.75439956511829,Entire home/apt,112,1,2,2025-03-23,1.28,1,354,2,
1369768924474303403,Near Hospitals: Home w/ Yard in Albany!,121680792,Evolve,,FIRST WARD,42.63908453510391,-73.77307933512895,Entire home/apt,132,2,0,,,6,340,0,
1371626040166892504,Central cozy quiet 4 bedroom w/King bed,20536619,Emily,,TENTH WARD,42.66315402479468,-73.78910123743358,Entire home/apt,185,14,0,,,10,190,0,
1371829070623409671,"Walk to Albany Med, MVP Arena, Washington Park",265861488,Vander,,SIXTH WARD,42.65040602684423,-73.76433185078635,Entire home/apt,72,1,5,2025-04-27,5,1,293,5,
1375007693720508441,A peaceful home away from home,385963105,Samantha,,FOURTEENTH WARD,42.66598411229728,-73.81880097091198,Entire home/apt,128,7,0,,,1,88,0,
1376989617162173438,Cozy Sunshine,233515764,Etem,,SEVENTH WARD,42.64764408604364,-73.7715925383664,Entire home/apt,74,1,1,2025-03-31,0.91,6,113,1,
1377446918025263146,Woodlands private queen room,20536619,Emily,,TENTH WARD,42.66148231183373,-73.78761856260732,Private room,51,28,0,,,10,43,0,
1377471842094741150,Bright private queen room,20536619,Emily,,TENTH WARD,42.66310642184764,-73.78716159656459,Private room,52,28,0,,,10,71,0,
1377480167938312156,"Peony room, private w/ King bed!",20536619,Emily,,TENTH WARD,42.66183099633526,-73.78755056940085,Private room,53,28,0,,,10,115,0,
1377916686119912961,Furnished brand new studio,26674574,Zainab,,TWELFTH WARD,42.6868252,-73.8111413,Entire home/apt,64,3,1,2025-03-31,0.91,1,280,1,
1379906377578749938,Cozy Sunset,233515764,Etem,,SEVENTH WARD,42.64626119280813,-73.7715113891403,Entire home/apt,74,1,5,2025-04-27,3.57,6,301,5,
1380555997747082021,Luxury Albany Hotel with Pool & Breakfast,466790114,Zohar,,ELEVENTH WARD,42.6800233833328,-73.78522330726621,Private room,51,1,1,2025-04-07,1,7,363,1,
1381163571420241600,Albany 2BR Home Close to Downtown W/Free Breakfast,466790114,Zohar,,ELEVENTH WARD,42.68231684583981,-73.7836715628194,Entire home/apt,49,1,3,2025-04-14,2.81,7,352,3,
1383910626115273822,Blush large private queen room,20536619,Emily,,TENTH WARD,42.66317303594558,-73.78912755444637,Private room,51,28,0,,,10,159,0,
1390171272060324410,New Large Bedroom! Has Parking!,55596850,Alain,,NINTH WARD,42.66002,-73.79333,Private room,37,30,0,,,3,265,0,
1393472438317281309,Cozy Albany Suite Close to downtown W/breakfast.,466790114,Zohar,,ELEVENTH WARD,42.67776,-73.78216,Entire home/apt,55,1,1,2025-04-14,1,7,364,1,
1393482542585537728,Albany Cozy Suite Next to downtown W/breakfast,466790114,Zohar,,FIFTH WARD,42.67652148547361,-73.78111383843994,Entire home/apt,50,1,1,2025-04-13,1,7,364,1,
1393489507693048211,Albany 2BR Stay Close to Downtown W/Breakfast,466790114,Zohar,,ELEVENTH WARD,42.6774277859628,-73.78242873068034,Entire home/apt,45,1,0,,,7,358,0,
1393634713342137582,Albany stylish 2BR Room with breakfast,466790114,Zohar,,ELEVENTH WARD,42.67610273877896,-73.78233682651273,Entire home/apt,53,1,0,,,7,362,0,
1393634936904017469,New Bedroom! Includes Parking!,55596850,Alain,,NINTH WARD,42.659475284293904,-73.79368120012339,Private room,35,5,1,2025-04-30,1,3,264,1,
1393638070589049592,Albany Luxury 2BR Room with Breakfast & Pool,466790114,Zohar,,FIFTH WARD,42.67651022767566,-73.78215501783329,Entire home/apt,65,1,0,,,7,364,0,
1395631320915237453,Nice,594734396,Abdelrahman,,SECOND WARD,42.64481160353397,-73.7577543183059,Private room,57,1,0,,,2,334,0,
1395671676833912969,The Yellow Room with twin bed /tv,116935236,Felicisimo,,THIRTEENTH WARD,42.669917189344,-73.78632927186241,Private room,36,2,0,,,5,355,0,
1396921235971014566,New Bedroom Centrally Located! Parking & Laundry,55596850,Alain,,FOURTEENTH WARD,42.661116057130855,-73.79408139551636,Private room,31,5,0,,,3,314,0,
1402461183704514588,4 bedroom house in Albany,32379616,Fabiola,,TENTH WARD,42.6605291,-73.7831549,Entire home/apt,129,28,0,,,5,363,0,
1405327220192978468,Room near SUNY Albany,32379616,Fabiola,,TENTH WARD,42.659903296506094,-73.78257397435888,Private room,44,28,0,,,5,363,0,
1405768102601327206,Historic Studio and Great Eats,382970529,Thomas,,SIXTH WARD,42.655450233068514,-73.76273815121087,Entire home/apt,80,3,0,,,14,160,0,
